qty,avail,date_only,price_date,lowest_price,highest_buy_order,single_price_avail,avg_price,avg_avail,rolling_average,item_name,item_id,query_datetime
97.0,155,2023-04-21,2023-04-21 11:02:59.691366,18.0,5.01,2,21.630000000000003,5.1,18.0,Poison Sac,1286,2023-05-21T09:45:45.390
91.0,309,2023-04-23,2023-04-23 20:55:46.773863,8.87,6.0,3,8.961,17.0,13.43,Poison Sac,1286,2023-05-21T09:45:45.390
111.0,100,2023-04-28,2023-04-28 20:12:05.720571,4.95,3.01,1,5.377000000000001,2.8,10.61,Poison Sac,1286,2023-05-21T09:45:45.390
117.0,99,2023-04-29,2023-04-29 08:29:30.498504,4.91,3.33,3,5.168,2.7,9.18,Poison Sac,1286,2023-05-21T09:45:45.390
97.0,266,2023-05-06,2023-05-06 00:46:25.490978,13.68,4.31,18,33.13,17.4,10.08,Poison Sac,1286,2023-05-21T09:45:45.390
101.0,438,2023-05-07,2023-05-07 13:13:34.950783,8.98,4.77,100,9.441,16.1,9.9,Poison Sac,1286,2023-05-21T09:45:45.390
200.0,257,2023-05-10,2023-05-10 20:09:45.137272,6.13,4.0,4,6.193,9.7,9.36,Poison Sac,1286,2023-05-21T09:45:45.390
100.0,203,2023-05-12,2023-05-12 16:34:38.269920,6.08,4.01,1,6.182,9.3,8.95,Poison Sac,1286,2023-05-21T09:45:45.390
100.0,115,2023-05-13,2023-05-13 16:44:15.704561,50.0,4.01,13,64.08857142857143,16.428571428571427,13.51,Poison Sac,1286,2023-05-21T09:45:45.390
79.0,175,2023-05-17,2023-05-17 20:13:09.279737,22.0,4.87,1,23.077999999999996,5.9,14.36,Poison Sac,1286,2023-05-21T09:45:45.390
18.0,275,2023-05-19,2023-05-19 00:13:11.436491,15.0,5.0,28,20.417,19.0,14.42,Poison Sac,1286,2023-05-21T09:45:45.390
83.0,308,2023-05-21,2023-05-21 09:45:45.390154,9.33,4.77,12,9.726,9.0,13.99,Poison Sac,1286,2023-05-21T09:45:45.390
547.0,119171,2023-04-21,2023-04-21 11:07:53.457208,0.1,0.08,30,0.11000000000000001,1027.3,0.1,Obsidian Flux,847,2023-05-21T09:50:20.909
10000.0,97310,2023-04-23,2023-04-23 21:01:13.611631,0.08,0.06,460,0.10600000000000001,1604.2,0.09,Obsidian Flux,847,2023-05-21T09:50:20.909
8876.0,157629,2023-04-28,2023-04-28 20:18:11.248264,0.17,0.13,361,0.18399999999999997,897.8,0.12,Obsidian Flux,847,2023-05-21T09:50:20.909
10000.0,130109,2023-04-29,2023-04-29 08:35:21.570950,0.17,0.07,1886,0.19399999999999998,3736.5,0.13,Obsidian Flux,847,2023-05-21T09:50:20.909
,174055,2023-05-01,2023-05-01 18:22:41.523647,0.13,,429,0.139,5533.8,0.13,Obsidian Flux,847,2023-05-21T09:50:20.909
3438.0,195421,2023-05-06,2023-05-06 00:51:05.167197,0.07,0.08,232,0.087,651.6,0.12,Obsidian Flux,847,2023-05-21T09:50:20.909
384.0,145869,2023-05-07,2023-05-07 13:18:50.613411,0.11,0.07,86,0.119,1296.5,0.12,Obsidian Flux,847,2023-05-21T09:50:20.909
5355.0,230153,2023-05-10,2023-05-10 20:15:00.113523,0.09,0.07,1978,0.09899999999999999,3677.6,0.12,Obsidian Flux,847,2023-05-21T09:50:20.909
1854.0,206799,2023-05-12,2023-05-12 16:39:45.982906,0.1,0.08,4416,0.10699999999999998,3404.8,0.11,Obsidian Flux,847,2023-05-21T09:50:20.909
,130331,2023-05-15,2023-05-15 17:45:48.512352,0.11,,163,0.11699999999999999,2568.7,0.11,Obsidian Flux,847,2023-05-21T09:50:20.909
10000.0,53452,2023-05-17,2023-05-17 16:55:35.790081,0.18,0.14,1316,0.202,1077.7,0.12,Obsidian Flux,847,2023-05-21T09:50:20.909
10000.0,116495,2023-05-19,2023-05-19 00:17:58.521158,0.17,0.12,1,0.16999999999999998,924.4,0.12,Obsidian Flux,847,2023-05-21T09:50:20.909
10000.0,175325,2023-05-21,2023-05-21 09:50:20.909065,0.16,0.12,877,0.16999999999999998,1392.6,0.13,Obsidian Flux,847,2023-05-21T09:50:20.909
18.0,318,2023-04-21,2023-04-21 11:03:14.701208,73.0,61.0,1,79.39200000000001,26.8,73.0,Spinefish Fins,392,2023-05-21T09:46:00.035
37.0,436,2023-04-23,2023-04-23 20:56:05.093337,71.0,63.19,1,72.256,5.9,72.0,Spinefish Fins,392,2023-05-21T09:46:00.035
7.0,334,2023-04-28,2023-04-28 20:12:37.063355,68.9,62.17,1,69.437,9.4,70.97,Spinefish Fins,392,2023-05-21T09:46:00.035
16.0,308,2023-04-29,2023-04-29 08:30:02.293020,71.0,63.0,22,72.32800000000002,9.2,70.97,Spinefish Fins,392,2023-05-21T09:46:00.035
93.0,156,2023-05-06,2023-05-06 00:46:34.542344,73.88,66.41,1,74.85600000000001,2.3,71.56,Spinefish Fins,392,2023-05-21T09:46:00.035
100.0,987,2023-05-07,2023-05-07 13:13:47.018170,66.42,66.9,1,67.982,6.1,70.7,Spinefish Fins,392,2023-05-21T09:46:00.035
201.0,1093,2023-05-10,2023-05-10 20:09:59.145799,67.5,52.13,1,68.608,2.5,70.24,Spinefish Fins,392,2023-05-21T09:46:00.035
100.0,1091,2023-05-12,2023-05-12 16:34:53.484689,57.0,55.53,7,61.443000000000005,10.8,68.59,Spinefish Fins,392,2023-05-21T09:46:00.035
222.0,1207,2023-05-13,2023-05-13 16:44:18.569153,59.0,57.0,1,64.797,38.5,67.52,Spinefish Fins,392,2023-05-21T09:46:00.035
24.0,375,2023-05-17,2023-05-17 20:13:21.476270,79.81,61.1,7,79.88199999999999,4.7,68.75,Spinefish Fins,392,2023-05-21T09:46:00.035
53.0,355,2023-05-19,2023-05-19 00:13:24.989022,71.0,61.2,2,74.111,12.3,68.96,Spinefish Fins,392,2023-05-21T09:46:00.035
40.0,459,2023-05-21,2023-05-21 09:46:00.035568,74.9,63.04,7,75.058,11.8,69.45,Spinefish Fins,392,2023-05-21T09:46:00.035
99.0,551,2023-04-21,2023-04-21 11:02:48.995488,7.0,4.51,45,9.719999999999999,19.4,7.0,Blightroot Flower,6,2023-05-21T09:45:31.508
82.0,199,2023-04-23,2023-04-23 20:55:38.209379,5.65,4.57,4,5.778999999999999,5.1,6.32,Blightroot Flower,6,2023-05-21T09:45:31.508
89.0,562,2023-04-28,2023-04-28 20:12:06.453238,4.98,4.67,9,7.559,55.7,5.88,Blightroot Flower,6,2023-05-21T09:45:31.508
327.0,522,2023-04-29,2023-04-29 08:29:30.894865,4.98,4.65,1,6.858000000000001,51.3,5.65,Blightroot Flower,6,2023-05-21T09:45:31.508
91.0,490,2023-05-06,2023-05-06 00:46:20.579498,7.69,2.77,1,8.091,49.0,6.06,Blightroot Flower,6,2023-05-21T09:45:31.508
112.0,1219,2023-05-07,2023-05-07 13:13:28.732005,6.2,3.33,12,6.706000000000001,39.6,6.08,Blightroot Flower,6,2023-05-21T09:45:31.508
201.0,904,2023-05-10,2023-05-10 20:09:39.892000,4.65,3.28,5,4.9,10.1,5.88,Blightroot Flower,6,2023-05-21T09:45:31.508
95.0,868,2023-05-12,2023-05-12 16:34:30.428612,3.8,3.29,12,4.233,5.3,5.62,Blightroot Flower,6,2023-05-21T09:45:31.508
1021.0,1007,2023-05-13,2023-05-13 16:43:52.454362,3.5,2.0,14,3.8680000000000008,17.9,5.38,Blightroot Flower,6,2023-05-21T09:45:31.508
,1189,2023-05-17,2023-05-17 20:12:50.982780,3.7,,3,3.8289999999999997,35.1,5.22,Blightroot Flower,6,2023-05-21T09:45:31.508
,1339,2023-05-19,2023-05-19 00:12:58.405972,3.37,1.0,1,3.37,2.5,5.05,Blightroot Flower,6,2023-05-21T09:45:31.508
150.0,1152,2023-05-21,2023-05-21 09:45:31.508915,3.3,2.0,3,3.336,5.4,4.9,Blightroot Flower,6,2023-05-21T09:45:31.508
3106.0,862,2023-04-21,2023-04-21 11:02:41.339838,4.0,2.12,25,5.0409999999999995,31.6,4.0,Blightroot Leaf,1004,2023-05-21T09:45:01.462
5460.0,1814,2023-04-23,2023-04-23 20:55:28.132412,3.0,2.4,2,3.09,16.2,3.5,Blightroot Leaf,1004,2023-05-21T09:45:01.462
5458.0,1355,2023-04-28,2023-04-28 20:11:46.462499,1.94,1.77,7,1.9600000000000002,35.8,2.98,Blightroot Leaf,1004,2023-05-21T09:45:01.462
56.0,1447,2023-04-29,2023-04-29 08:29:08.533084,1.93,1.57,1,1.938,40.5,2.72,Blightroot Leaf,1004,2023-05-21T09:45:01.462
1097.0,539,2023-05-06,2023-05-06 00:45:54.159796,1.79,0.73,4,2.52875,67.375,2.53,Blightroot Leaf,1004,2023-05-21T09:45:01.462
700.0,1311,2023-05-07,2023-05-07 13:13:01.266184,1.48,0.37,22,1.7489999999999999,131.0,2.36,Blightroot Leaf,1004,2023-05-21T09:45:01.462
400.0,443,2023-05-10,2023-05-10 20:09:15.997658,0.99,0.59,1,1.1230000000000002,39.2,2.16,Blightroot Leaf,1004,2023-05-21T09:45:01.462
2950.0,248,2023-05-12,2023-05-12 16:33:59.790281,0.92,0.64,10,0.9470000000000001,14.0,2.01,Blightroot Leaf,1004,2023-05-21T09:45:01.462
10000.0,391,2023-05-13,2023-05-13 16:43:40.407379,1.68,0.66,5,1.7344444444444445,43.44444444444444,1.97,Blightroot Leaf,1004,2023-05-21T09:45:01.462
,466,2023-05-17,2023-05-17 16:50:45.280751,1.27,0.69,2,1.2719999999999998,29.0,1.9,Blightroot Leaf,1004,2023-05-21T09:45:01.462
,456,2023-05-19,2023-05-19 00:12:38.917951,1.25,0.71,57,1.25,32.0,1.84,Blightroot Leaf,1004,2023-05-21T09:45:01.462
9971.0,856,2023-05-21,2023-05-21 09:45:01.462135,0.5,0.61,65,1.0310000000000001,71.2,1.73,Blightroot Leaf,1004,2023-05-21T09:45:01.462
2257.0,501,2023-04-21,2023-04-21 11:02:30.493883,2.0,1.37,106,3.0180000000000002,48.5,2.0,Soulsprout Stem,476,2023-05-21T09:45:23.301
79.0,1882,2023-04-23,2023-04-23 20:55:31.721978,3.49,1.51,8,3.843,58.2,2.74,Soulsprout Stem,476,2023-05-21T09:45:23.301
2940.0,637,2023-04-28,2023-04-28 20:12:03.732762,4.0,1.55,2,4.827999999999999,63.5,3.16,Soulsprout Stem,476,2023-05-21T09:45:23.301
2283.0,1192,2023-04-29,2023-04-29 08:29:23.657279,3.49,1.55,3,3.7969999999999997,57.9,3.24,Soulsprout Stem,476,2023-05-21T09:45:23.301
2940.0,964,2023-05-06,2023-05-06 00:45:57.558659,2.0,1.7,4,2.0140000000000002,37.0,3.0,Soulsprout Stem,476,2023-05-21T09:45:23.301
1987.0,670,2023-05-07,2023-05-07 13:13:08.466058,1.97,1.76,100,2.011,37.1,2.82,Soulsprout Stem,476,2023-05-21T09:45:23.301
2926.0,555,2023-05-10,2023-05-10 20:09:34.276702,2.78,1.57,10,3.2239999999999993,26.8,2.82,Soulsprout Stem,476,2023-05-21T09:45:23.301
263.0,694,2023-05-12,2023-05-12 16:34:20.514507,1.97,1.6,1,2.2649999999999997,28.8,2.71,Soulsprout Stem,476,2023-05-21T09:45:23.301
2629.0,1166,2023-05-13,2023-05-13 16:43:50.128981,2.99,1.57,96,3.338,100.7,2.74,Soulsprout Stem,476,2023-05-21T09:45:23.301
56.0,2885,2023-05-17,2023-05-17 16:50:55.777833,2.0,1.21,25,2.3820000000000006,136.0,2.67,Soulsprout Stem,476,2023-05-21T09:45:23.301
341.0,2538,2023-05-19,2023-05-19 00:12:44.680634,1.64,1.31,36,1.668,28.6,2.58,Soulsprout Stem,476,2023-05-21T09:45:23.301
264.0,1652,2023-05-21,2023-05-21 09:45:23.301046,1.88,1.35,7,1.9240000000000002,48.9,2.52,Soulsprout Stem,476,2023-05-21T09:45:23.301
49.0,369,2023-04-21,2023-04-21 11:03:14.701208,73.0,61.1,2,77.394,16.1,73.0,Earthshell Tail,577,2023-05-21T09:46:01.205
46.0,480,2023-04-23,2023-04-23 20:56:06.155251,79.0,63.21,1,81.997,10.4,76.0,Earthshell Tail,577,2023-05-21T09:46:01.205
72.0,356,2023-04-28,2023-04-28 20:12:39.058679,78.8,65.27,1,78.851,7.8,76.93,Earthshell Tail,577,2023-05-21T09:46:01.205
1.0,356,2023-04-29,2023-04-29 08:30:04.102681,78.81,65.28,7,80.137,16.5,77.4,Earthshell Tail,577,2023-05-21T09:46:01.205
8.0,396,2023-05-06,2023-05-06 00:46:33.893818,71.0,66.77,8,80.485,37.5,76.12,Earthshell Tail,577,2023-05-21T09:46:01.205
,1150,2023-05-07,2023-05-07 13:13:47.968958,74.96,73.04,1,77.167,29.5,75.93,Earthshell Tail,577,2023-05-21T09:46:01.205
214.0,1047,2023-05-10,2023-05-10 20:09:59.145799,66.0,54.23,1,67.85499999999999,3.0,74.51,Earthshell Tail,577,2023-05-21T09:46:01.205
55.0,1487,2023-05-12,2023-05-12 16:34:55.140740,65.0,55.52,8,70.13,13.3,73.32,Earthshell Tail,577,2023-05-21T09:46:01.205
11.0,1603,2023-05-13,2023-05-13 16:44:18.569153,60.99,57.0,9,63.21799999999998,22.7,71.95,Earthshell Tail,577,2023-05-21T09:46:01.205
50.0,354,2023-05-17,2023-05-17 20:13:20.782993,72.98,62.51,1,74.971,9.0,72.05,Earthshell Tail,577,2023-05-21T09:46:01.205
54.0,251,2023-05-19,2023-05-19 00:13:24.134340,65.65,63.02,1,68.10499999999999,6.1,71.47,Earthshell Tail,577,2023-05-21T09:46:01.205
50.0,183,2023-05-21,2023-05-21 09:46:01.205583,83.89,63.21,6,84.857,15.4,72.51,Earthshell Tail,577,2023-05-21T09:46:01.205
964.0,56918,2023-04-21,2023-04-21 11:01:14.343123,1.49,1.22,1895,1.6190000000000002,1541.1,1.49,Death Mote,459,2023-05-21T09:44:17.693
10000.0,21291,2023-04-23,2023-04-23 20:54:01.024125,1.79,1.4,1,1.797,973.2,1.64,Death Mote,459,2023-05-21T09:44:17.693
10000.0,31939,2023-04-28,2023-04-28 20:10:23.466576,1.21,1.01,41,1.224,154.7,1.5,Death Mote,459,2023-05-21T09:44:17.693
1952.0,46552,2023-04-29,2023-04-29 08:27:41.710390,1.12,1.06,129,1.131,292.4,1.4,Death Mote,459,2023-05-21T09:44:17.693
,34507,2023-05-01,2023-05-01 18:18:45.827741,1.18,,10,1.198,97.2,1.36,Death Mote,459,2023-05-21T09:44:17.693
3257.0,44581,2023-05-06,2023-05-06 00:44:42.897324,1.2,1.03,129,1.2349999999999999,737.2,1.33,Death Mote,459,2023-05-21T09:44:17.693
47.0,39041,2023-05-07,2023-05-07 13:11:44.778141,1.08,0.87,14,1.1,125.8,1.3,Death Mote,459,2023-05-21T09:44:17.693
8203.0,32338,2023-05-10,2023-05-10 20:08:14.018041,1.64,1.23,47,1.6969999999999998,446.5,1.34,Death Mote,459,2023-05-21T09:44:17.693
2000.0,44261,2023-05-12,2023-05-12 16:32:52.169168,1.3,1.26,605,1.3100000000000003,430.2,1.33,Death Mote,459,2023-05-21T09:44:17.693
2500.0,55097,2023-05-13,2023-05-13 16:42:02.692027,1.0,0.99,2,1.016,96.0,1.3,Death Mote,459,2023-05-21T09:44:17.693
523.0,41542,2023-05-17,2023-05-17 16:49:40.077695,0.96,0.99,1,0.976,694.5,1.27,Death Mote,459,2023-05-21T09:44:17.693
1558.0,52763,2023-05-19,2023-05-19 00:11:37.966479,1.25,1.07,8,1.307,251.6,1.27,Death Mote,459,2023-05-21T09:44:17.693
5587.0,37724,2023-05-21,2023-05-21 09:44:17.693076,1.25,1.24,253,1.259,362.2,1.27,Death Mote,459,2023-05-21T09:44:17.693
3036.0,4458,2023-04-21,2023-04-21 11:02:33.754087,2.45,1.03,122,3.0309999999999997,236.2,2.45,Bumbleblossom,711,2023-05-21T09:45:24.166
1250.0,995,2023-04-23,2023-04-23 20:55:22.589828,2.4,1.32,14,2.4460000000000006,46.4,2.42,Bumbleblossom,711,2023-05-21T09:45:24.166
2317.0,1745,2023-04-28,2023-04-28 20:11:52.774259,2.49,1.5,5,2.526,40.8,2.45,Bumbleblossom,711,2023-05-21T09:45:24.166
1461.0,1728,2023-04-29,2023-04-29 08:29:11.522730,2.1,1.5,8,2.4219999999999997,39.8,2.36,Bumbleblossom,711,2023-05-21T09:45:24.166
,347,2023-05-06,2023-05-06 00:45:55.824896,1.95,1.41,14,4.178888888888888,38.55555555555556,2.28,Bumbleblossom,711,2023-05-21T09:45:24.166
2000.0,2481,2023-05-07,2023-05-07 13:13:14.378395,2.3,1.53,3,2.748,43.5,2.28,Bumbleblossom,711,2023-05-21T09:45:24.166
602.0,1,2023-05-10,2023-05-10 20:09:29.447105,2.0,2.1,1,2.0,1.0,2.24,Bumbleblossom,711,2023-05-21T09:45:24.166
978.0,1251,2023-05-12,2023-05-12 16:34:30.428612,3.9,2.0,19,4.9475,312.75,2.45,Bumbleblossom,711,2023-05-21T09:45:24.166
409.0,2409,2023-05-13,2023-05-13 16:43:50.973375,3.22,2.04,14,3.2979999999999996,99.8,2.53,Bumbleblossom,711,2023-05-21T09:45:24.166
1563.0,2688,2023-05-17,2023-05-17 20:12:52.182522,3.98,2.13,32,3.9910000000000005,45.8,2.68,Bumbleblossom,711,2023-05-21T09:45:24.166
50.0,2715,2023-05-19,2023-05-19 00:12:59.974085,3.74,2.16,14,3.846,62.4,2.78,Bumbleblossom,711,2023-05-21T09:45:24.166
2736.0,1906,2023-05-21,2023-05-21 09:45:24.166617,1.9,1.23,100,2.532,34.1,2.7,Bumbleblossom,711,2023-05-21T09:45:24.166
54.0,429,2023-04-21,2023-04-21 11:20:52.348301,50.9,11.02,59,59.54,47.666666666666664,50.9,Infused Void Absorption Potion,1844,2023-05-21T10:03:18.343
,366,2023-04-23,2023-04-23 21:14:49.103245,49.8,,2,59.41777777777778,40.666666666666664,50.35,Infused Void Absorption Potion,1844,2023-05-21T10:03:18.343
96.0,736,2023-04-28,2023-04-28 20:34:21.390700,53.57,20.0,7,57.913,58.2,51.42,Infused Void Absorption Potion,1844,2023-05-21T10:03:18.343
,538,2023-05-06,2023-05-06 01:05:01.809206,51.77,,51,60.759,53.8,51.51,Infused Void Absorption Potion,1844,2023-05-21T10:03:18.343
,790,2023-05-07,2023-05-07 13:33:49.552557,30.0,,2,49.782000000000004,49.8,47.21,Infused Void Absorption Potion,1844,2023-05-21T10:03:18.343
100.0,442,2023-05-12,2023-05-12 16:54:31.433197,50.0,15.0,14,61.78333333333333,73.66666666666667,47.67,Infused Void Absorption Potion,1844,2023-05-21T10:03:18.343
100.0,226,2023-05-17,2023-05-17 17:07:55.209548,79.5,0.13,26,79.67999999999999,75.33333333333333,52.22,Infused Void Absorption Potion,1844,2023-05-21T10:03:18.343
,266,2023-05-19,2023-05-19 00:41:18.046180,67.0,0.13,70,73.38499999999999,66.5,54.07,Infused Void Absorption Potion,1844,2023-05-21T10:03:18.343
82.0,213,2023-05-21,2023-05-21 10:03:18.343585,63.0,4.99,73,75.38333333333333,35.5,55.06,Infused Void Absorption Potion,1844,2023-05-21T10:03:18.343
290.0,77854,2023-04-21,2023-04-21 11:01:17.769561,2.04,2.06,57,2.089,400.7,2.04,Soul Mote,869,2023-05-21T09:44:20.044
1950.0,33976,2023-04-23,2023-04-23 20:54:03.001123,2.27,2.2,782,2.2990000000000004,436.5,2.16,Soul Mote,869,2023-05-21T09:44:20.044
916.0,59383,2023-04-28,2023-04-28 20:10:28.406580,2.01,1.99,63,2.0289999999999995,22.1,2.11,Soul Mote,869,2023-05-21T09:44:20.044
,60752,2023-04-29,2023-04-29 08:27:50.338752,2.01,1.81,44,2.0119999999999996,84.1,2.08,Soul Mote,869,2023-05-21T09:44:20.044
,82262,2023-05-01,2023-05-01 18:19:00.056614,2.34,,2313,2.348,514.7,2.13,Soul Mote,869,2023-05-21T09:44:20.044
1155.0,65829,2023-05-06,2023-05-06 00:44:52.011603,1.84,1.83,340,1.9740000000000002,386.3,2.08,Soul Mote,869,2023-05-21T09:44:20.044
5270.0,73799,2023-05-07,2023-05-07 13:11:52.085644,2.0,1.93,896,2.0219999999999994,379.3,2.07,Soul Mote,869,2023-05-21T09:44:20.044
1984.0,76934,2023-05-10,2023-05-10 20:08:16.185824,2.04,2.02,65,2.061,605.0,2.07,Soul Mote,869,2023-05-21T09:44:20.044
7066.0,64453,2023-05-12,2023-05-12 16:33:01.451852,2.3,2.18,606,2.308,543.6,2.09,Soul Mote,869,2023-05-21T09:44:20.044
5986.0,72438,2023-05-13,2023-05-13 16:42:10.683256,1.96,1.92,393,1.9920000000000002,492.6,2.08,Soul Mote,869,2023-05-21T09:44:20.044
245.0,45521,2023-05-17,2023-05-17 20:11:19.178621,2.09,2.01,2337,2.1229999999999998,684.7,2.08,Soul Mote,869,2023-05-21T09:44:20.044
6962.0,48320,2023-05-19,2023-05-19 00:11:43.007072,2.04,2.04,86,2.052,217.6,2.08,Soul Mote,869,2023-05-21T09:44:20.044
2653.0,46722,2023-05-21,2023-05-21 09:44:20.044078,1.88,1.81,1550,1.8979999999999997,641.5,2.06,Soul Mote,869,2023-05-21T09:44:20.044
50.0,951,2023-04-21,2023-04-21 11:01:36.325685,32.65,9.54,8,33.282,88.2,32.65,Death Essence,828,2023-05-21T09:44:30.731
188.0,2009,2023-04-23,2023-04-23 20:54:19.323843,28.66,10.75,20,29.894,37.6,30.66,Death Essence,828,2023-05-21T09:44:30.731
61.0,1646,2023-04-28,2023-04-28 20:10:48.378388,27.0,20.21,13,31.071428571428573,235.14285714285714,29.44,Death Essence,828,2023-05-21T09:44:30.731
97.0,1715,2023-04-29,2023-04-29 08:28:07.816177,24.0,20.51,1,29.18,170.0,28.08,Death Essence,828,2023-05-21T09:44:30.731
,1562,2023-05-01,2023-05-01 18:19:22.840000,27.99,,15,28.767000000000003,10.1,28.06,Death Essence,828,2023-05-21T09:44:30.731
,2283,2023-05-06,2023-05-06 00:45:04.782519,27.95,14.6,1,27.963,5.6,28.04,Death Essence,828,2023-05-21T09:44:30.731
95.0,2162,2023-05-07,2023-05-07 13:12:09.520617,25.68,15.15,12,26.578999999999997,176.8,27.7,Death Essence,828,2023-05-21T09:44:30.731
300.0,2842,2023-05-10,2023-05-10 20:08:33.750220,23.99,5.01,1,24.69,257.8,27.24,Death Essence,828,2023-05-21T09:44:30.731
41.0,2084,2023-05-12,2023-05-12 16:33:14.217634,15.0,5.1,1,20.926000000000002,4.2,25.88,Death Essence,828,2023-05-21T09:44:30.731
50.0,2618,2023-05-13,2023-05-13 16:42:27.710089,25.3,5.15,583,27.27125,327.25,25.82,Death Essence,828,2023-05-21T09:44:30.731
499.0,2781,2023-05-17,2023-05-17 16:50:01.899643,23.0,5.36,191,23.7,41.0,25.57,Death Essence,828,2023-05-21T09:44:30.731
114.0,2520,2023-05-19,2023-05-19 00:11:56.514624,25.0,11.3,9,25.59111111111111,280.0,25.52,Death Essence,828,2023-05-21T09:44:30.731
154.0,2076,2023-05-21,2023-05-21 09:44:30.731097,19.99,12.01,1,22.157777777777778,230.66666666666666,25.09,Death Essence,828,2023-05-21T09:44:30.731
67.0,1946,2023-04-21,2023-04-21 10:58:46.945057,5.3,4.07,103,5.4799999999999995,41.6,5.3,Sulfur Chunk,28949,2023-05-21T09:41:41.671
500.0,666,2023-04-23,2023-04-23 20:51:25.351032,7.75,4.68,26,10.58222222222222,74.0,6.52,Sulfur Chunk,28949,2023-05-21T09:41:41.671
199.0,2439,2023-04-28,2023-04-28 20:07:35.394372,5.99,5.7,8,7.011999999999999,182.9,6.35,Sulfur Chunk,28949,2023-05-21T09:41:41.671
995.0,162,2023-04-29,2023-04-29 08:24:59.926191,7.4,5.86,1,7.960000000000001,20.25,6.61,Sulfur Chunk,28949,2023-05-21T09:41:41.671
,2681,2023-05-01,2023-05-01 18:15:05.876689,6.3,,15,6.347,102.2,6.55,Sulfur Chunk,28949,2023-05-21T09:41:41.671
1000.0,2674,2023-05-06,2023-05-06 00:42:27.752413,10.0,6.29,101,10.855,106.5,7.12,Sulfur Chunk,28949,2023-05-21T09:41:41.671
164.0,2586,2023-05-07,2023-05-07 13:09:20.731523,7.77,6.47,59,7.8549999999999995,71.3,7.22,Sulfur Chunk,28949,2023-05-21T09:41:41.671
77.0,3629,2023-05-10,2023-05-10 20:05:34.833732,13.94,6.9,36,14.007,74.2,8.06,Sulfur Chunk,28949,2023-05-21T09:41:41.671
693.0,2915,2023-05-12,2023-05-12 16:29:52.689199,7.97,7.13,67,8.379,114.9,8.05,Sulfur Chunk,28949,2023-05-21T09:41:41.671
,2121,2023-05-15,2023-05-15 17:40:33.987940,8.25,,110,8.363000000000001,48.6,8.07,Sulfur Chunk,28949,2023-05-21T09:41:41.671
283.0,3435,2023-05-17,2023-05-17 20:08:06.504760,6.0,5.69,31,6.167,45.6,7.88,Sulfur Chunk,28949,2023-05-21T09:41:41.671
987.0,2731,2023-05-19,2023-05-19 00:08:45.365948,6.11,5.82,5,6.122000000000001,132.8,7.73,Sulfur Chunk,28949,2023-05-21T09:41:41.671
299.0,1929,2023-05-21,2023-05-21 09:41:41.671391,6.32,5.87,7,6.478999999999999,32.5,7.62,Sulfur Chunk,28949,2023-05-21T09:41:41.671
3285.0,4093,2023-04-21,2023-04-21 11:02:03.106328,0.57,0.31,200,0.679,96.3,0.57,Blightroot Stem,526,2023-05-21T09:45:04.204
4964.0,5622,2023-04-23,2023-04-23 20:54:49.664267,0.67,0.32,4,0.757,275.6,0.62,Blightroot Stem,526,2023-05-21T09:45:04.204
6210.0,6403,2023-04-28,2023-04-28 20:11:21.944029,0.66,0.36,9,0.6799999999999999,213.0,0.63,Blightroot Stem,526,2023-05-21T09:45:04.204
6099.0,6574,2023-04-29,2023-04-29 08:28:39.984879,0.54,0.37,179,0.5559999999999999,74.8,0.61,Blightroot Stem,526,2023-05-21T09:45:04.204
6622.0,3703,2023-05-06,2023-05-06 00:45:42.447553,0.9,0.5,12,0.9390000000000001,37.3,0.67,Blightroot Stem,526,2023-05-21T09:45:04.204
2619.0,4871,2023-05-07,2023-05-07 13:12:42.057553,0.49,0.42,100,0.558,82.4,0.64,Blightroot Stem,526,2023-05-21T09:45:04.204
738.0,5888,2023-05-10,2023-05-10 20:09:08.264475,0.63,0.52,51,0.6400000000000001,206.3,0.64,Blightroot Stem,526,2023-05-21T09:45:04.204
9595.0,4181,2023-05-12,2023-05-12 16:33:52.200627,0.5,0.53,9,0.616,129.1,0.62,Blightroot Stem,526,2023-05-21T09:45:04.204
7943.0,3243,2023-05-13,2023-05-13 16:43:22.868454,0.79,0.53,25,0.86,45.8,0.64,Blightroot Stem,526,2023-05-21T09:45:04.204
5431.0,3420,2023-05-17,2023-05-17 16:50:31.702597,0.59,0.56,148,0.6039999999999999,106.8,0.63,Blightroot Stem,526,2023-05-21T09:45:04.204
170.0,318,2023-05-19,2023-05-19 00:12:31.231457,0.8,0.6,20,0.8119999999999999,50.6,0.65,Blightroot Stem,526,2023-05-21T09:45:04.204
6781.0,1169,2023-05-21,2023-05-21 09:45:04.204253,0.71,0.55,27,0.726,74.2,0.65,Blightroot Stem,526,2023-05-21T09:45:04.204
98.0,988,2023-04-21,2023-04-21 11:03:10.266009,57.86,40.39,2,58.178,7.8,57.86,Blightmoth Dust,280,2023-05-21T09:45:55.353
42.0,810,2023-04-23,2023-04-23 20:56:01.165164,55.97,46.1,1,57.515,4.8,56.92,Blightmoth Dust,280,2023-05-21T09:45:55.353
21.0,130,2023-04-28,2023-04-28 20:12:31.733489,52.98,50.77,1,52.98900000000001,5.9,55.6,Blightmoth Dust,280,2023-05-21T09:45:55.353
1.0,86,2023-04-29,2023-04-29 08:29:56.809028,53.0,50.78,23,55.885000000000005,4.6,54.95,Blightmoth Dust,280,2023-05-21T09:45:55.353
48.0,525,2023-05-06,2023-05-06 00:46:29.945906,59.95,52.86,50,60.388999999999996,6.8,55.95,Blightmoth Dust,280,2023-05-21T09:45:55.353
6.0,970,2023-05-07,2023-05-07 13:13:43.071184,56.2,53.15,1,57.660000000000004,2.0,55.99,Blightmoth Dust,280,2023-05-21T09:45:55.353
150.0,193,2023-05-10,2023-05-10 20:10:03.593145,100.0,42.61,1,109.5,11.5,62.28,Blightmoth Dust,280,2023-05-21T09:45:55.353
7.0,172,2023-05-12,2023-05-12 16:34:51.663779,49.76,43.05,1,54.779999999999994,7.0,60.72,Blightmoth Dust,280,2023-05-21T09:45:55.353
43.0,163,2023-05-13,2023-05-13 16:44:15.360738,49.0,43.32,1,51.548,10.2,59.41,Blightmoth Dust,280,2023-05-21T09:45:55.353
12.0,285,2023-05-17,2023-05-17 20:13:14.970277,48.7,43.84,2,48.896,10.9,58.34,Blightmoth Dust,280,2023-05-21T09:45:55.353
38.0,151,2023-05-19,2023-05-19 00:13:19.979569,48.69,44.13,4,49.566,5.0,57.46,Blightmoth Dust,280,2023-05-21T09:45:55.353
35.0,143,2023-05-21,2023-05-21 09:45:55.353732,48.0,44.17,1,49.142,2.9,56.68,Blightmoth Dust,280,2023-05-21T09:45:55.353
,196372,2023-04-21,2023-04-21 11:03:28.262306,0.02,,60,0.019999999999999997,1736.9,0.02,Water,1187,2023-05-21T09:46:16.662
,164537,2023-04-23,2023-04-23 20:56:23.436500,0.01,,139,0.016999999999999998,1338.7,0.02,Water,1187,2023-05-21T09:46:16.662
,109084,2023-04-28,2023-04-28 20:12:55.155869,0.03,0.01,1,0.039999999999999994,3093.1,0.02,Water,1187,2023-05-21T09:46:16.662
10000.0,109020,2023-04-29,2023-04-29 08:30:18.640946,0.03,0.01,13,0.037,1724.0,0.02,Water,1187,2023-05-21T09:46:16.662
,50417,2023-05-06,2023-05-06 00:46:47.660556,0.05,,20,0.05299999999999999,2093.1,0.03,Water,1187,2023-05-21T09:46:16.662
,68792,2023-05-07,2023-05-07 13:14:03.999313,0.03,,10,0.031,2238.5,0.03,Water,1187,2023-05-21T09:46:16.662
,43222,2023-05-10,2023-05-10 20:10:19.766372,0.15,0.04,174,0.16299999999999998,1563.0,0.05,Water,1187,2023-05-21T09:46:16.662
156.0,52926,2023-05-12,2023-05-12 16:35:13.879356,0.09,0.07,36,0.10699999999999998,1184.3,0.05,Water,1187,2023-05-21T09:46:16.662
10000.0,57141,2023-05-13,2023-05-13 16:44:49.212886,0.09,0.04,170,0.10099999999999998,969.1,0.06,Water,1187,2023-05-21T09:46:16.662
,59568,2023-05-17,2023-05-17 16:51:45.081196,0.02,,1,0.047,1.5,0.05,Water,1187,2023-05-21T09:46:16.662
,80988,2023-05-19,2023-05-19 00:13:42.761256,0.05,,416,0.052000000000000005,2384.8,0.05,Water,1187,2023-05-21T09:46:16.662
1183.0,89819,2023-05-21,2023-05-21 09:46:16.662580,0.06,0.03,98,0.08099999999999999,1004.6,0.05,Water,1187,2023-05-21T09:46:16.662
2896.0,184,2023-04-21,2023-04-21 11:02:42.650573,4.0,1.06,56,4.776249999999999,23.0,4.0,Shellbed Cap,132,2023-05-21T09:45:20.604
265.0,834,2023-04-23,2023-04-23 20:55:21.980724,2.38,1.06,3,2.386,30.7,3.19,Shellbed Cap,132,2023-05-21T09:45:20.604
2914.0,683,2023-04-28,2023-04-28 20:11:45.410543,1.88,1.17,18,2.018,39.1,2.75,Shellbed Cap,132,2023-05-21T09:45:20.604
1313.0,443,2023-04-29,2023-04-29 08:29:11.111847,2.08,1.18,18,2.133,21.6,2.58,Shellbed Cap,132,2023-05-21T09:45:20.604
2988.0,1050,2023-05-06,2023-05-06 00:45:54.379609,1.85,1.54,85,2.0300000000000002,94.9,2.44,Shellbed Cap,132,2023-05-21T09:45:20.604
2968.0,1591,2023-05-07,2023-05-07 13:13:01.266184,1.48,1.08,20,1.703,55.3,2.28,Shellbed Cap,132,2023-05-21T09:45:20.604
,269,2023-05-10,2023-05-10 20:09:21.668329,1.5,1.05,13,1.5975,33.625,2.17,Shellbed Cap,132,2023-05-21T09:45:20.604
2668.0,122,2023-05-12,2023-05-12 16:34:20.774461,1.99,1.07,101,1.99,61.0,2.14,Shellbed Cap,132,2023-05-21T09:45:20.604
3000.0,481,2023-05-13,2023-05-13 16:43:52.703243,3.75,1.09,40,4.713749999999999,60.125,2.32,Shellbed Cap,132,2023-05-21T09:45:20.604
2611.0,1502,2023-05-17,2023-05-17 20:12:37.587989,1.98,1.13,21,2.051,93.7,2.29,Shellbed Cap,132,2023-05-21T09:45:20.604
102.0,558,2023-05-19,2023-05-19 00:33:04.069148,2.97,1.17,201,3.041,60.2,2.35,Shellbed Cap,132,2023-05-21T09:45:20.604
2755.0,892,2023-05-21,2023-05-21 09:45:20.604322,1.7,1.13,59,1.8559999999999999,54.0,2.3,Shellbed Cap,132,2023-05-21T09:45:20.604
4351.0,3432,2023-04-21,2023-04-21 11:02:57.206589,12.79,0.91,546,13.552222222222222,381.3333333333333,12.79,Putrid Lodestone,1141,2023-05-21T09:45:14.547
3723.0,10737,2023-04-23,2023-04-23 20:55:06.837890,1.26,0.62,4,1.334,47.9,7.02,Putrid Lodestone,1141,2023-05-21T09:45:14.547
620.0,7753,2023-04-28,2023-04-28 20:11:51.768835,2.33,1.01,222,2.707,207.4,5.46,Putrid Lodestone,1141,2023-05-21T09:45:14.547
53.0,10577,2023-04-29,2023-04-29 08:29:12.535651,2.26,1.02,25,2.287,320.1,4.66,Putrid Lodestone,1141,2023-05-21T09:45:14.547
178.0,5457,2023-05-06,2023-05-06 00:45:55.215933,1.9,1.01,7,2.0130000000000003,86.2,4.11,Putrid Lodestone,1141,2023-05-21T09:45:14.547
464.0,7254,2023-05-07,2023-05-07 13:13:04.684071,1.85,1.25,3,1.906,698.3,3.73,Putrid Lodestone,1141,2023-05-21T09:45:14.547
493.0,6521,2023-05-10,2023-05-10 20:09:24.301946,1.7,0.8,2,1.64,121.5,3.44,Putrid Lodestone,1141,2023-05-21T09:45:14.547
110.0,5786,2023-05-12,2023-05-12 16:34:10.975672,1.58,0.85,26,1.5919999999999999,82.8,3.21,Putrid Lodestone,1141,2023-05-21T09:45:14.547
443.0,7382,2023-05-13,2023-05-13 16:43:35.321442,1.47,0.86,4,1.4780000000000002,106.2,3.02,Putrid Lodestone,1141,2023-05-21T09:45:14.547
3649.0,6001,2023-05-17,2023-05-17 20:12:23.574406,1.1,0.85,50,1.218,172.8,2.82,Putrid Lodestone,1141,2023-05-21T09:45:14.547
,7473,2023-05-19,2023-05-19 00:12:38.533197,1.21,0.87,38,1.2160000000000002,97.0,2.68,Putrid Lodestone,1141,2023-05-21T09:45:14.547
350.0,1186,2023-05-21,2023-05-21 09:45:14.547544,1.3,0.9,447,1.356,108.2,2.56,Putrid Lodestone,1141,2023-05-21T09:45:14.547
6291.0,743,2023-04-21,2023-04-21 11:02:11.399219,0.87,0.22,37,0.9390000000000001,35.0,0.87,Void Pitcher,48,2023-05-21T09:45:28.403
,345,2023-04-23,2023-04-23 20:55:03.592087,1.1,0.22,7,1.3649999999999998,26.3,0.99,Void Pitcher,48,2023-05-21T09:45:28.403
2927.0,665,2023-04-28,2023-04-28 20:12:05.720571,4.94,0.4,39,6.9159999999999995,39.8,2.3,Void Pitcher,48,2023-05-21T09:45:28.403
2927.0,441,2023-04-29,2023-04-29 08:29:21.546359,3.0,0.41,41,5.027,38.2,2.48,Void Pitcher,48,2023-05-21T09:45:28.403
815.0,633,2023-05-06,2023-05-06 00:45:57.558659,2.0,1.5,63,2.235,43.7,2.38,Void Pitcher,48,2023-05-21T09:45:28.403
263.0,813,2023-05-07,2023-05-07 13:13:04.684071,1.85,1.5,22,1.919,50.8,2.29,Void Pitcher,48,2023-05-21T09:45:28.403
915.0,1507,2023-05-10,2023-05-10 20:09:18.252374,1.2,0.38,10,1.6939999999999997,133.0,2.14,Void Pitcher,48,2023-05-21T09:45:28.403
1715.0,303,2023-05-12,2023-05-12 16:34:18.740896,1.89,0.42,39,2.60125,37.875,2.11,Void Pitcher,48,2023-05-21T09:45:28.403
1602.0,165,2023-05-13,2023-05-13 16:43:49.035141,2.54,0.42,19,2.6664285714285714,23.571428571428573,2.15,Void Pitcher,48,2023-05-21T09:45:28.403
,667,2023-05-17,2023-05-17 16:50:56.979753,2.19,0.45,25,2.1959999999999997,77.6,2.16,Void Pitcher,48,2023-05-21T09:45:28.403
10000.0,1022,2023-05-19,2023-05-19 00:12:37.864376,1.2,0.45,36,1.4100000000000001,66.6,2.07,Void Pitcher,48,2023-05-21T09:45:28.403
144.0,410,2023-05-21,2023-05-21 09:45:28.403733,2.45,0.5,11,2.45,102.5,2.1,Void Pitcher,48,2023-05-21T09:45:28.403
200.0,3,2023-04-21,2023-04-21 11:02:36.727062,3.0,0.04,3,3.0,3.0,3.0,Sporebloom Fruit,1353,2023-05-21T09:45:30.047
300.0,3,2023-04-23,2023-04-23 20:55:28.967197,3.0,0.05,3,3.0,3.0,3.0,Sporebloom Fruit,1353,2023-05-21T09:45:30.047
1000.0,3,2023-04-28,2023-04-28 20:11:59.311231,3.0,0.12,3,3.0,3.0,3.0,Sporebloom Fruit,1353,2023-05-21T09:45:30.047
1000.0,3,2023-04-29,2023-04-29 08:29:21.932710,3.0,0.12,3,3.0,3.0,3.0,Sporebloom Fruit,1353,2023-05-21T09:45:30.047
988.0,5,2023-05-10,2023-05-10 20:10:03.593145,99.99,0.31,5,99.99,5.0,22.4,Sporebloom Fruit,1353,2023-05-21T09:45:30.047
974.0,1,2023-05-12,2023-05-12 16:34:58.997035,99.99,0.31,1,99.99,1.0,35.33,Sporebloom Fruit,1353,2023-05-21T09:45:30.047
964.0,12,2023-05-13,2023-05-13 16:44:24.046102,99.97,0.31,5,99.975,6.0,44.56,Sporebloom Fruit,1353,2023-05-21T09:45:30.047
,20,2023-05-21,2023-05-21 09:45:30.047852,2.8,,15,2.8,10.0,39.34,Sporebloom Fruit,1353,2023-05-21T09:45:30.047
100.0,5199,2023-04-21,2023-04-21 11:03:01.144407,20.99,10.05,8,21.520999999999997,82.6,20.99,Sulfur,29033,2023-05-21T09:45:50.197
200.0,6284,2023-04-23,2023-04-23 20:55:54.852402,19.87,13.01,4,19.894,147.9,20.43,Sulfur,29033,2023-05-21T09:45:50.197
541.0,3185,2023-04-28,2023-04-28 20:12:25.927658,19.96,15.02,67,20.327999999999996,58.2,20.27,Sulfur,29033,2023-05-21T09:45:50.197
200.0,2740,2023-04-29,2023-04-29 08:29:50.739999,19.0,15.14,23,19.778,46.3,19.95,Sulfur,29033,2023-05-21T09:45:50.197
40.0,1112,2023-05-06,2023-05-06 00:46:29.096158,34.44,17.1,71,34.968,103.9,22.85,Sulfur,29033,2023-05-21T09:45:50.197
151.0,673,2023-05-07,2023-05-07 13:13:42.258227,33.5,20.3,6,35.62555555555556,74.77777777777777,24.63,Sulfur,29033,2023-05-21T09:45:50.197
79.0,1783,2023-05-10,2023-05-10 20:09:55.721459,32.3,21.39,246,32.44200000000001,146.0,25.72,Sulfur,29033,2023-05-21T09:45:50.197
222.0,747,2023-05-12,2023-05-12 16:34:49.859216,32.0,21.78,48,32.199,66.9,26.51,Sulfur,29033,2023-05-21T09:45:50.197
210.0,945,2023-05-13,2023-05-13 16:44:13.031628,31.38,22.1,50,31.74,46.2,27.05,Sulfur,29033,2023-05-21T09:45:50.197
9.0,3022,2023-05-17,2023-05-17 20:13:11.396435,26.68,21.5,19,27.081000000000007,49.5,27.01,Sulfur,29033,2023-05-21T09:45:50.197
31.0,2616,2023-05-19,2023-05-19 00:13:16.730784,25.99,21.55,31,26.303999999999995,23.0,26.92,Sulfur,29033,2023-05-21T09:45:50.197
526.0,3650,2023-05-21,2023-05-21 09:45:50.197187,19.89,11.22,667,20.266,117.8,26.33,Sulfur,29033,2023-05-21T09:45:50.197
50.0,360,2023-04-21,2023-04-21 11:01:28.191469,7.89,6.12,3,9.894,25.4,7.89,Death Wisp,113,2023-05-21T09:44:28.677
,3741,2023-04-23,2023-04-23 20:54:09.478312,7.0,,10,7.4959999999999996,104.6,7.44,Death Wisp,113,2023-05-21T09:44:28.677
3.0,2957,2023-04-28,2023-04-28 20:10:41.124181,6.07,3.47,11,7.366,287.3,6.99,Death Wisp,113,2023-05-21T09:44:28.677
499.0,3543,2023-04-29,2023-04-29 08:28:00.810787,5.0,3.53,2,6.9799999999999995,343.8,6.49,Death Wisp,113,2023-05-21T09:44:28.677
,2887,2023-05-01,2023-05-01 18:19:14.225328,8.88,,207,21.56142857142857,412.42857142857144,6.97,Death Wisp,113,2023-05-21T09:44:28.677
17.0,3195,2023-05-06,2023-05-06 00:44:58.310908,6.93,4.57,206,7.498,319.5,6.96,Death Wisp,113,2023-05-21T09:44:28.677
62.0,3273,2023-05-07,2023-05-07 13:12:02.525378,6.93,4.15,32,7.51,467.57142857142856,6.96,Death Wisp,113,2023-05-21T09:44:28.677
70.0,3161,2023-05-10,2023-05-10 20:08:27.954431,6.7,4.24,17,7.418000000000001,31.5,6.93,Death Wisp,113,2023-05-21T09:44:28.677
36.0,2896,2023-05-12,2023-05-12 16:33:12.264397,8.94,4.31,65,8.95,1448.0,7.15,Death Wisp,113,2023-05-21T09:44:28.677
400.0,2660,2023-05-13,2023-05-13 16:42:22.395891,8.92,4.33,3,8.936,532.0,7.33,Death Wisp,113,2023-05-21T09:44:28.677
70.0,3657,2023-05-17,2023-05-17 16:49:56.853379,7.5,4.31,5,7.794000000000001,209.0,7.34,Death Wisp,113,2023-05-21T09:44:28.677
306.0,3587,2023-05-19,2023-05-19 00:11:51.121566,7.5,4.4,5,7.794000000000001,201.0,7.36,Death Wisp,113,2023-05-21T09:44:28.677
292.0,3291,2023-05-21,2023-05-21 09:44:28.677724,7.0,4.41,1,10.333333333333334,1097.0,7.33,Death Wisp,113,2023-05-21T09:44:28.677
49.0,3576,2023-04-21,2023-04-21 11:01:36.535435,33.9,27.15,3,34.985,8.9,33.9,Death Quintessence,1238,2023-05-21T09:44:36.051
100.0,3683,2023-04-23,2023-04-23 20:54:27.962925,66.31,32.35,1,67.638,42.8,50.1,Death Quintessence,1238,2023-05-21T09:44:36.051
77.0,2844,2023-04-28,2023-04-28 20:10:56.035862,50.52,36.22,50,59.891999999999996,16.6,50.24,Death Quintessence,1238,2023-05-21T09:44:36.051
120.0,3223,2023-04-29,2023-04-29 08:28:14.522280,47.98,36.58,100,49.599,44.1,49.68,Death Quintessence,1238,2023-05-21T09:44:36.051
,2091,2023-05-01,2023-05-01 18:19:32.182868,61.99,,8,70.06700000000001,134.2,52.14,Death Quintessence,1238,2023-05-21T09:44:36.051
139.0,1378,2023-05-06,2023-05-06 00:45:09.395747,42.09,38.4,2,46.407,26.8,50.46,Death Quintessence,1238,2023-05-21T09:44:36.051
5.0,1442,2023-05-07,2023-05-07 13:12:16.039319,44.88,38.41,65,46.299,19.2,49.67,Death Quintessence,1238,2023-05-21T09:44:36.051
397.0,1074,2023-05-10,2023-05-10 20:08:43.361277,55.17,38.64,20,58.121,107.4,50.36,Death Quintessence,1238,2023-05-21T09:44:36.051
100.0,1446,2023-05-12,2023-05-12 16:33:26.932534,54.84,38.85,56,54.86899999999999,37.5,50.85,Death Quintessence,1238,2023-05-21T09:44:36.051
118.0,1484,2023-05-13,2023-05-13 16:42:37.820278,51.0,38.87,3,53.444,37.2,50.87,Death Quintessence,1238,2023-05-21T09:44:36.051
26.0,2850,2023-05-17,2023-05-17 16:50:06.547271,50.32,40.01,191,50.45399999999999,56.8,50.82,Death Quintessence,1238,2023-05-21T09:44:36.051
50.0,3920,2023-05-19,2023-05-19 00:11:59.544009,46.3,40.25,5,47.98299999999999,136.6,50.44,Death Quintessence,1238,2023-05-21T09:44:36.051
50.0,2834,2023-05-21,2023-05-21 09:44:36.051184,37.0,29.09,6,38.559000000000005,137.6,49.41,Death Quintessence,1238,2023-05-21T09:44:36.051
111.0,100,2023-04-28,2023-04-28 20:12:05.720571,4.95,3.01,1,5.377000000000001,2.8,4.95,Poison Sac,1286,2023-05-24T14:46:37.912
117.0,99,2023-04-29,2023-04-29 08:29:30.498504,4.91,3.33,3,5.168,2.7,4.93,Poison Sac,1286,2023-05-24T14:46:37.912
97.0,266,2023-05-06,2023-05-06 00:46:25.490978,13.68,4.31,18,33.13,17.4,7.85,Poison Sac,1286,2023-05-24T14:46:37.912
101.0,438,2023-05-07,2023-05-07 13:13:34.950783,8.98,4.77,100,9.441,16.1,8.13,Poison Sac,1286,2023-05-24T14:46:37.912
200.0,257,2023-05-10,2023-05-10 20:09:45.137272,6.13,4.0,4,6.193,9.7,7.73,Poison Sac,1286,2023-05-24T14:46:37.912
159.0,203,2023-05-12,2023-05-12 16:34:38.269920,6.08,4.01,1,6.182,9.3,7.45,Poison Sac,1286,2023-05-24T14:46:37.912
52.0,115,2023-05-13,2023-05-13 16:44:15.704561,50.0,4.01,13,64.08857142857143,16.428571428571427,13.53,Poison Sac,1286,2023-05-24T14:46:37.912
79.0,175,2023-05-17,2023-05-17 20:13:09.279737,22.0,4.87,1,23.077999999999996,5.9,14.59,Poison Sac,1286,2023-05-24T14:46:37.912
18.0,275,2023-05-19,2023-05-19 00:13:11.436491,15.0,5.0,28,20.417,19.0,14.64,Poison Sac,1286,2023-05-24T14:46:37.912
79.0,308,2023-05-21,2023-05-21 09:45:45.390154,9.33,4.77,12,9.726,9.0,14.11,Poison Sac,1286,2023-05-24T14:46:37.912
,379,2023-05-24,2023-05-24 14:46:37.912659,6.4,,1,6.7989999999999995,9.3,13.41,Poison Sac,1286,2023-05-24T14:46:37.912
8876.0,157629,2023-04-28,2023-04-28 20:18:11.248264,0.17,0.13,361,0.18399999999999997,1556.5,0.17,Obsidian Flux,847,2023-05-24T14:56:14.791
10000.0,130109,2023-04-29,2023-04-29 08:35:21.570950,0.17,0.07,1886,0.19399999999999998,5454.6,0.17,Obsidian Flux,847,2023-05-24T14:56:14.791
,174055,2023-05-01,2023-05-01 18:22:41.523647,0.13,,429,0.139,5884.6,0.16,Obsidian Flux,847,2023-05-24T14:56:14.791
3438.0,195421,2023-05-06,2023-05-06 00:51:05.167197,0.07,0.08,232,0.087,784.0,0.14,Obsidian Flux,847,2023-05-24T14:56:14.791
384.0,145869,2023-05-07,2023-05-07 13:18:50.613411,0.11,0.07,86,0.119,749.1,0.13,Obsidian Flux,847,2023-05-24T14:56:14.791
10000.0,230153,2023-05-10,2023-05-10 20:15:00.113523,0.09,0.07,1978,0.09899999999999999,3570.5,0.12,Obsidian Flux,847,2023-05-24T14:56:14.791
5232.0,206799,2023-05-12,2023-05-12 16:39:45.982906,0.1,0.08,4416,0.10699999999999998,3673.5,0.12,Obsidian Flux,847,2023-05-24T14:56:14.791
,130331,2023-05-15,2023-05-15 17:45:48.512352,0.11,,163,0.11699999999999999,4111.3,0.12,Obsidian Flux,847,2023-05-24T14:56:14.791
10000.0,53452,2023-05-17,2023-05-17 16:55:35.790081,0.18,0.14,1316,0.202,1077.7,0.13,Obsidian Flux,847,2023-05-24T14:56:14.791
10000.0,116495,2023-05-19,2023-05-19 00:17:58.521158,0.17,0.12,1,0.16999999999999998,1645.5,0.13,Obsidian Flux,847,2023-05-24T14:56:14.791
10000.0,175325,2023-05-21,2023-05-21 09:50:20.909065,0.16,0.12,877,0.16999999999999998,1392.6,0.13,Obsidian Flux,847,2023-05-24T14:56:14.791
,156007,2023-05-24,2023-05-24 14:56:14.791256,0.12,,87,0.13699999999999998,1367.9,0.13,Obsidian Flux,847,2023-05-24T14:56:14.791
98.0,334,2023-04-28,2023-04-28 20:12:37.063355,68.9,62.17,1,69.437,8.1,68.9,Spinefish Fins,392,2023-05-24T14:47:11.573
16.0,308,2023-04-29,2023-04-29 08:30:02.293020,71.0,63.0,22,72.32800000000002,9.2,69.95,Spinefish Fins,392,2023-05-24T14:47:11.573
93.0,156,2023-05-06,2023-05-06 00:46:34.542344,73.88,66.41,1,74.85600000000001,3.1,71.26,Spinefish Fins,392,2023-05-24T14:47:11.573
100.0,987,2023-05-07,2023-05-07 13:13:47.018170,66.42,66.9,1,67.982,6.1,70.05,Spinefish Fins,392,2023-05-24T14:47:11.573
201.0,1093,2023-05-10,2023-05-10 20:09:59.145799,67.5,52.13,1,68.608,2.5,69.54,Spinefish Fins,392,2023-05-24T14:47:11.573
5.0,1091,2023-05-12,2023-05-12 16:34:53.484689,57.0,55.53,7,61.443000000000005,10.8,67.45,Spinefish Fins,392,2023-05-24T14:47:11.573
4.0,1207,2023-05-13,2023-05-13 16:44:18.569153,59.0,57.0,1,64.797,30.9,66.24,Spinefish Fins,392,2023-05-24T14:47:11.573
24.0,375,2023-05-17,2023-05-17 20:13:21.476270,79.81,61.1,7,79.88199999999999,4.7,67.94,Spinefish Fins,392,2023-05-24T14:47:11.573
53.0,355,2023-05-19,2023-05-19 00:13:24.989022,71.0,61.2,2,74.111,12.6,68.28,Spinefish Fins,392,2023-05-24T14:47:11.573
19.0,459,2023-05-21,2023-05-21 09:46:00.035568,74.9,63.04,7,75.058,11.8,68.94,Spinefish Fins,392,2023-05-24T14:47:11.573
,446,2023-05-24,2023-05-24 14:47:11.573093,56.5,,1,59.8,4.8,67.81,Spinefish Fins,392,2023-05-24T14:47:11.573
89.0,562,2023-04-28,2023-04-28 20:12:06.453238,4.98,4.67,9,7.559,55.7,4.98,Blightroot Flower,6,2023-05-24T14:46:16.412
19.0,522,2023-04-29,2023-04-29 08:29:30.894865,4.98,4.65,1,6.858000000000001,51.3,4.98,Blightroot Flower,6,2023-05-24T14:46:16.412
91.0,490,2023-05-06,2023-05-06 00:46:20.579498,7.69,2.77,1,8.091,49.0,5.88,Blightroot Flower,6,2023-05-24T14:46:16.412
738.0,1219,2023-05-07,2023-05-07 13:13:28.732005,6.2,3.33,12,6.706000000000001,39.6,5.96,Blightroot Flower,6,2023-05-24T14:46:16.412
201.0,904,2023-05-10,2023-05-10 20:09:39.892000,4.65,3.28,5,4.9,10.1,5.7,Blightroot Flower,6,2023-05-24T14:46:16.412
95.0,868,2023-05-12,2023-05-12 16:34:30.428612,3.8,3.29,12,4.233,5.3,5.38,Blightroot Flower,6,2023-05-24T14:46:16.412
1021.0,1007,2023-05-13,2023-05-13 16:43:52.454362,3.5,2.0,14,3.8680000000000008,18.0,5.11,Blightroot Flower,6,2023-05-24T14:46:16.412
,1189,2023-05-17,2023-05-17 20:12:50.982780,3.7,,3,3.8289999999999997,35.1,4.94,Blightroot Flower,6,2023-05-24T14:46:16.412
,1339,2023-05-19,2023-05-19 00:12:58.405972,3.37,1.0,1,3.37,2.0,4.76,Blightroot Flower,6,2023-05-24T14:46:16.412
150.0,1152,2023-05-21,2023-05-21 09:45:31.508915,3.3,2.0,3,3.336,5.4,4.62,Blightroot Flower,6,2023-05-24T14:46:16.412
,1358,2023-05-24,2023-05-24 14:46:16.412089,2.75,,1,2.8549999999999995,35.7,4.45,Blightroot Flower,6,2023-05-24T14:46:16.412
21.0,1355,2023-04-28,2023-04-28 20:11:46.462499,1.94,1.77,7,1.9600000000000002,35.8,1.94,Blightroot Leaf,1004,2023-05-24T14:45:32.932
,1447,2023-04-29,2023-04-29 08:29:08.533084,1.93,1.57,1,1.938,44.8,1.94,Blightroot Leaf,1004,2023-05-24T14:45:32.932
1097.0,539,2023-05-06,2023-05-06 00:45:54.159796,1.79,0.73,4,2.52875,67.375,1.89,Blightroot Leaf,1004,2023-05-24T14:45:32.932
995.0,1311,2023-05-07,2023-05-07 13:13:01.266184,1.48,0.37,22,1.7489999999999999,131.0,1.78,Blightroot Leaf,1004,2023-05-24T14:45:32.932
400.0,443,2023-05-10,2023-05-10 20:09:15.997658,0.99,0.59,1,1.1230000000000002,39.2,1.63,Blightroot Leaf,1004,2023-05-24T14:45:32.932
2950.0,248,2023-05-12,2023-05-12 16:33:59.790281,0.92,0.64,10,0.9470000000000001,14.0,1.51,Blightroot Leaf,1004,2023-05-24T14:45:32.932
10000.0,391,2023-05-13,2023-05-13 16:43:40.407379,1.68,0.66,5,1.7344444444444445,43.44444444444444,1.53,Blightroot Leaf,1004,2023-05-24T14:45:32.932
,466,2023-05-17,2023-05-17 16:50:45.280751,1.27,0.69,2,1.2719999999999998,29.0,1.5,Blightroot Leaf,1004,2023-05-24T14:45:32.932
,456,2023-05-19,2023-05-19 00:12:38.917951,1.25,0.71,57,1.25,32.0,1.47,Blightroot Leaf,1004,2023-05-24T14:45:32.932
322.0,856,2023-05-21,2023-05-21 09:45:01.462135,0.5,0.61,65,1.0310000000000001,68.3,1.38,Blightroot Leaf,1004,2023-05-24T14:45:32.932
,550,2023-05-24,2023-05-24 14:45:32.932185,1.05,,101,1.0630000000000002,49.2,1.35,Blightroot Leaf,1004,2023-05-24T14:45:32.932
2656.0,637,2023-04-28,2023-04-28 20:12:03.732762,4.0,1.55,2,4.827999999999999,63.5,4.0,Soulsprout Stem,476,2023-05-24T14:46:00.801
2940.0,1192,2023-04-29,2023-04-29 08:29:23.657279,3.49,1.55,3,3.7969999999999997,57.9,3.74,Soulsprout Stem,476,2023-05-24T14:46:00.801
39.0,964,2023-05-06,2023-05-06 00:45:57.558659,2.0,1.7,4,2.0140000000000002,54.0,3.16,Soulsprout Stem,476,2023-05-24T14:46:00.801
1987.0,670,2023-05-07,2023-05-07 13:13:08.466058,1.97,1.76,100,2.011,37.1,2.86,Soulsprout Stem,476,2023-05-24T14:46:00.801
2926.0,555,2023-05-10,2023-05-10 20:09:34.276702,2.78,1.57,10,3.2239999999999993,26.8,2.85,Soulsprout Stem,476,2023-05-24T14:46:00.801
2868.0,694,2023-05-12,2023-05-12 16:34:20.514507,1.97,1.6,1,2.2649999999999997,28.8,2.7,Soulsprout Stem,476,2023-05-24T14:46:00.801
2629.0,1166,2023-05-13,2023-05-13 16:43:50.128981,2.99,1.57,96,3.338,93.7,2.74,Soulsprout Stem,476,2023-05-24T14:46:00.801
56.0,2885,2023-05-17,2023-05-17 16:50:55.777833,2.0,1.21,25,2.3820000000000006,134.2,2.65,Soulsprout Stem,476,2023-05-24T14:46:00.801
341.0,2538,2023-05-19,2023-05-19 00:12:44.680634,1.64,1.31,36,1.668,29.9,2.54,Soulsprout Stem,476,2023-05-24T14:46:00.801
264.0,1652,2023-05-21,2023-05-21 09:45:23.301046,1.88,1.35,7,1.9240000000000002,48.2,2.47,Soulsprout Stem,476,2023-05-24T14:46:00.801
,1055,2023-05-24,2023-05-24 14:46:00.801452,1.93,,189,1.9549999999999996,74.3,2.42,Soulsprout Stem,476,2023-05-24T14:46:00.801
68.0,356,2023-04-28,2023-04-28 20:12:39.058679,78.8,65.27,1,78.851,7.8,78.8,Earthshell Tail,577,2023-05-24T14:47:17.078
1.0,356,2023-04-29,2023-04-29 08:30:04.102681,78.81,65.28,7,80.137,16.5,78.81,Earthshell Tail,577,2023-05-24T14:47:17.078
8.0,396,2023-05-06,2023-05-06 00:46:33.893818,71.0,66.77,8,80.485,37.5,76.2,Earthshell Tail,577,2023-05-24T14:47:17.078
88.0,1150,2023-05-07,2023-05-07 13:13:47.968958,74.96,73.04,1,77.167,29.5,75.89,Earthshell Tail,577,2023-05-24T14:47:17.078
37.0,1047,2023-05-10,2023-05-10 20:09:59.145799,66.0,54.23,1,67.85499999999999,3.0,73.91,Earthshell Tail,577,2023-05-24T14:47:17.078
55.0,1487,2023-05-12,2023-05-12 16:34:55.140740,65.0,55.52,8,70.13,13.3,72.43,Earthshell Tail,577,2023-05-24T14:47:17.078
11.0,1603,2023-05-13,2023-05-13 16:44:18.569153,60.99,57.0,9,63.21799999999998,22.6,70.79,Earthshell Tail,577,2023-05-24T14:47:17.078
50.0,354,2023-05-17,2023-05-17 20:13:20.782993,72.98,62.51,1,74.971,9.0,71.07,Earthshell Tail,577,2023-05-24T14:47:17.078
54.0,251,2023-05-19,2023-05-19 00:13:24.134340,65.65,63.02,1,68.10499999999999,7.3,70.47,Earthshell Tail,577,2023-05-24T14:47:17.078
50.0,183,2023-05-21,2023-05-21 09:46:01.205583,83.89,63.21,6,84.857,15.3,71.81,Earthshell Tail,577,2023-05-24T14:47:17.078
,176,2023-05-24,2023-05-24 14:47:17.078566,72.9,,3,73.94800000000001,9.0,71.91,Earthshell Tail,577,2023-05-24T14:47:17.078
10000.0,31939,2023-04-28,2023-04-28 20:10:23.466576,1.21,1.01,41,1.224,179.8,1.21,Death Mote,459,2023-05-24T14:43:46.645
1089.0,46552,2023-04-29,2023-04-29 08:27:41.710390,1.12,1.06,129,1.131,292.0,1.16,Death Mote,459,2023-05-24T14:43:46.645
,34507,2023-05-01,2023-05-01 18:18:45.827741,1.18,,10,1.198,196.6,1.17,Death Mote,459,2023-05-24T14:43:46.645
1085.0,44581,2023-05-06,2023-05-06 00:44:42.897324,1.2,1.03,129,1.2349999999999999,737.2,1.18,Death Mote,459,2023-05-24T14:43:46.645
2000.0,39041,2023-05-07,2023-05-07 13:11:44.778141,1.08,0.87,14,1.1,125.8,1.16,Death Mote,459,2023-05-24T14:43:46.645
8203.0,32338,2023-05-10,2023-05-10 20:08:14.018041,1.64,1.23,47,1.6969999999999998,446.5,1.24,Death Mote,459,2023-05-24T14:43:46.645
9821.0,44261,2023-05-12,2023-05-12 16:32:52.169168,1.3,1.26,605,1.3100000000000003,365.4,1.25,Death Mote,459,2023-05-24T14:43:46.645
4537.0,55097,2023-05-13,2023-05-13 16:42:02.692027,1.0,0.99,2,1.016,265.8,1.22,Death Mote,459,2023-05-24T14:43:46.645
4926.0,41542,2023-05-17,2023-05-17 16:49:40.077695,0.96,0.99,1,0.976,694.5,1.19,Death Mote,459,2023-05-24T14:43:46.645
1192.0,52763,2023-05-19,2023-05-19 00:11:37.966479,1.25,1.07,8,1.307,89.3,1.19,Death Mote,459,2023-05-24T14:43:46.645
5587.0,37724,2023-05-21,2023-05-21 09:44:17.693076,1.25,1.24,253,1.259,375.7,1.2,Death Mote,459,2023-05-24T14:43:46.645
,14100,2023-05-24,2023-05-24 14:43:46.645371,0.97,,14,1.051,125.8,1.18,Death Mote,459,2023-05-24T14:43:46.645
241.0,1745,2023-04-28,2023-04-28 20:11:52.774259,2.49,1.5,5,2.526,40.8,2.49,Bumbleblossom,711,2023-05-24T14:46:03.369
1461.0,1728,2023-04-29,2023-04-29 08:29:11.522730,2.1,1.5,8,2.4219999999999997,39.8,2.3,Bumbleblossom,711,2023-05-24T14:46:03.369
2754.0,347,2023-05-06,2023-05-06 00:45:55.824896,1.95,1.41,14,4.178888888888888,38.55555555555556,2.18,Bumbleblossom,711,2023-05-24T14:46:03.369
2991.0,2481,2023-05-07,2023-05-07 13:13:14.378395,2.3,1.53,3,2.748,43.5,2.21,Bumbleblossom,711,2023-05-24T14:46:03.369
602.0,1,2023-05-10,2023-05-10 20:09:29.447105,2.0,2.1,1,2.0,1.0,2.17,Bumbleblossom,711,2023-05-24T14:46:03.369
978.0,1251,2023-05-12,2023-05-12 16:34:30.428612,3.9,2.0,19,4.9475,312.75,2.46,Bumbleblossom,711,2023-05-24T14:46:03.369
409.0,2409,2023-05-13,2023-05-13 16:43:50.973375,3.22,2.04,14,3.2979999999999996,99.8,2.57,Bumbleblossom,711,2023-05-24T14:46:03.369
1563.0,2688,2023-05-17,2023-05-17 20:12:52.182522,3.98,2.13,32,3.9910000000000005,67.8,2.74,Bumbleblossom,711,2023-05-24T14:46:03.369
580.0,2715,2023-05-19,2023-05-19 00:12:59.974085,3.74,2.16,14,3.846,62.4,2.85,Bumbleblossom,711,2023-05-24T14:46:03.369
2736.0,1906,2023-05-21,2023-05-21 09:45:24.166617,1.9,1.23,100,2.532,34.1,2.76,Bumbleblossom,711,2023-05-24T14:46:03.369
,2933,2023-05-24,2023-05-24 14:46:03.369076,2.0,,13,2.2689999999999992,37.8,2.69,Bumbleblossom,711,2023-05-24T14:46:03.369
96.0,736,2023-04-28,2023-04-28 20:34:21.390700,53.57,20.0,7,57.913,59.0,53.57,Infused Void Absorption Potion,1844,2023-05-21T10:03:18.343
,538,2023-05-06,2023-05-06 01:05:01.809206,51.77,,51,60.759,53.8,52.67,Infused Void Absorption Potion,1844,2023-05-21T10:03:18.343
,790,2023-05-07,2023-05-07 13:33:49.552557,30.0,,2,49.782000000000004,49.8,45.11,Infused Void Absorption Potion,1844,2023-05-21T10:03:18.343
100.0,442,2023-05-12,2023-05-12 16:54:31.433197,50.0,15.0,14,61.78333333333333,73.66666666666667,46.34,Infused Void Absorption Potion,1844,2023-05-21T10:03:18.343
100.0,226,2023-05-17,2023-05-17 17:07:55.209548,79.5,0.13,26,79.67999999999999,75.33333333333333,52.97,Infused Void Absorption Potion,1844,2023-05-21T10:03:18.343
,266,2023-05-19,2023-05-19 00:41:18.046180,67.0,0.13,70,73.38499999999999,66.5,55.31,Infused Void Absorption Potion,1844,2023-05-21T10:03:18.343
82.0,213,2023-05-21,2023-05-21 10:03:18.343585,63.0,4.99,73,75.38333333333333,35.5,56.41,Infused Void Absorption Potion,1844,2023-05-21T10:03:18.343
916.0,59383,2023-04-28,2023-04-28 20:10:28.406580,2.01,1.99,63,2.0289999999999995,22.1,2.01,Soul Mote,869,2023-05-24T14:44:02.808
422.0,60752,2023-04-29,2023-04-29 08:27:50.338752,2.01,1.81,44,2.0119999999999996,84.1,2.01,Soul Mote,869,2023-05-24T14:44:02.808
,82262,2023-05-01,2023-05-01 18:19:00.056614,2.34,,2313,2.348,514.7,2.12,Soul Mote,869,2023-05-24T14:44:02.808
1155.0,65829,2023-05-06,2023-05-06 00:44:52.011603,1.84,1.83,340,1.9740000000000002,451.7,2.05,Soul Mote,869,2023-05-24T14:44:02.808
5270.0,73799,2023-05-07,2023-05-07 13:11:52.085644,2.0,1.93,896,2.0219999999999994,379.3,2.04,Soul Mote,869,2023-05-24T14:44:02.808
1984.0,76934,2023-05-10,2023-05-10 20:08:16.185824,2.04,2.02,65,2.061,605.0,2.04,Soul Mote,869,2023-05-24T14:44:02.808
474.0,64453,2023-05-12,2023-05-12 16:33:01.451852,2.3,2.18,606,2.308,602.4,2.08,Soul Mote,869,2023-05-24T14:44:02.808
1719.0,72438,2023-05-13,2023-05-13 16:42:10.683256,1.96,1.92,393,1.9920000000000002,492.6,2.06,Soul Mote,869,2023-05-24T14:44:02.808
245.0,45521,2023-05-17,2023-05-17 20:11:19.178621,2.09,2.01,2337,2.1229999999999998,684.7,2.07,Soul Mote,869,2023-05-24T14:44:02.808
6962.0,48320,2023-05-19,2023-05-19 00:11:43.007072,2.04,2.04,86,2.052,217.6,2.06,Soul Mote,869,2023-05-24T14:44:02.808
2653.0,46722,2023-05-21,2023-05-21 09:44:20.044078,1.88,1.81,1550,1.8979999999999997,632.5,2.05,Soul Mote,869,2023-05-24T14:44:02.808
,75709,2023-05-24,2023-05-24 14:44:02.808646,2.5,,51,2.5520000000000005,481.3,2.08,Soul Mote,869,2023-05-24T14:44:02.808
61.0,1646,2023-04-28,2023-04-28 20:10:48.378388,27.0,20.21,13,31.071428571428573,235.14285714285714,27.0,Death Essence,828,2023-05-24T14:44:21.571
97.0,1715,2023-04-29,2023-04-29 08:28:07.816177,24.0,20.51,1,29.18,170.0,25.5,Death Essence,828,2023-05-24T14:44:21.571
,1562,2023-05-01,2023-05-01 18:19:22.840000,27.99,,15,28.767000000000003,10.1,26.33,Death Essence,828,2023-05-24T14:44:21.571
,2283,2023-05-06,2023-05-06 00:45:04.782519,27.95,14.6,1,27.963,31.6,26.74,Death Essence,828,2023-05-24T14:44:21.571
121.0,2162,2023-05-07,2023-05-07 13:12:09.520617,25.68,15.15,12,26.578999999999997,176.7,26.52,Death Essence,828,2023-05-24T14:44:21.571
300.0,2842,2023-05-10,2023-05-10 20:08:33.750220,23.99,5.01,1,24.69,257.8,26.1,Death Essence,828,2023-05-24T14:44:21.571
41.0,2084,2023-05-12,2023-05-12 16:33:14.217634,15.0,5.1,1,20.926000000000002,4.1,24.52,Death Essence,828,2023-05-24T14:44:21.571
50.0,2618,2023-05-13,2023-05-13 16:42:27.710089,25.3,5.15,583,27.27125,327.25,24.61,Death Essence,828,2023-05-24T14:44:21.571
99.0,2781,2023-05-17,2023-05-17 16:50:01.899643,23.0,5.36,191,23.7,41.0,24.43,Death Essence,828,2023-05-24T14:44:21.571
114.0,2520,2023-05-19,2023-05-19 00:11:56.514624,25.0,11.3,9,25.59111111111111,280.0,24.49,Death Essence,828,2023-05-24T14:44:21.571
98.0,2076,2023-05-21,2023-05-21 09:44:30.731097,19.99,12.01,1,22.157777777777778,230.66666666666666,24.08,Death Essence,828,2023-05-24T14:44:21.571
,751,2023-05-24,2023-05-24 14:44:21.571662,19.88,,20,20.57125,93.875,23.73,Death Essence,828,2023-05-24T14:44:21.571
199.0,2439,2023-04-28,2023-04-28 20:07:35.394372,5.99,5.7,8,7.011999999999999,182.9,5.99,Sulfur Chunk,28949,2023-05-24T14:38:12.844
995.0,162,2023-04-29,2023-04-29 08:24:59.926191,7.4,5.86,1,7.960000000000001,20.25,6.7,Sulfur Chunk,28949,2023-05-24T14:38:12.844
,2681,2023-05-01,2023-05-01 18:15:05.876689,6.3,,15,6.347,102.2,6.56,Sulfur Chunk,28949,2023-05-24T14:38:12.844
10.0,2674,2023-05-06,2023-05-06 00:42:27.752413,10.0,6.29,101,10.855,106.5,7.42,Sulfur Chunk,28949,2023-05-24T14:38:12.844
164.0,2586,2023-05-07,2023-05-07 13:09:20.731523,7.77,6.47,59,7.8549999999999995,159.5,7.49,Sulfur Chunk,28949,2023-05-24T14:38:12.844
77.0,3629,2023-05-10,2023-05-10 20:05:34.833732,13.94,6.9,36,14.007,74.4,8.57,Sulfur Chunk,28949,2023-05-24T14:38:12.844
693.0,2915,2023-05-12,2023-05-12 16:29:52.689199,7.97,7.13,67,8.379,114.9,8.48,Sulfur Chunk,28949,2023-05-24T14:38:12.844
,2121,2023-05-15,2023-05-15 17:40:33.987940,8.25,,110,8.363000000000001,46.3,8.45,Sulfur Chunk,28949,2023-05-24T14:38:12.844
283.0,3435,2023-05-17,2023-05-17 20:08:06.504760,6.0,5.69,31,6.167,45.6,8.18,Sulfur Chunk,28949,2023-05-24T14:38:12.844
30.0,2731,2023-05-19,2023-05-19 00:08:45.365948,6.11,5.82,5,6.122000000000001,119.8,7.97,Sulfur Chunk,28949,2023-05-24T14:38:12.844
299.0,1929,2023-05-21,2023-05-21 09:41:41.671391,6.32,5.87,7,6.478999999999999,32.5,7.82,Sulfur Chunk,28949,2023-05-24T14:38:12.844
,4236,2023-05-24,2023-05-24 14:38:12.844911,7.9,,31,8.048,75.9,7.83,Sulfur Chunk,28949,2023-05-24T14:38:12.844
6210.0,6403,2023-04-28,2023-04-28 20:11:21.944029,0.66,0.36,9,0.6799999999999999,213.0,0.66,Blightroot Stem,526,2023-05-24T14:45:24.194
465.0,6574,2023-04-29,2023-04-29 08:28:39.984879,0.54,0.37,179,0.5559999999999999,74.8,0.6,Blightroot Stem,526,2023-05-24T14:45:24.194
6622.0,3703,2023-05-06,2023-05-06 00:45:42.447553,0.9,0.5,12,0.9390000000000001,37.3,0.7,Blightroot Stem,526,2023-05-24T14:45:24.194
2619.0,4871,2023-05-07,2023-05-07 13:12:42.057553,0.49,0.42,100,0.558,83.9,0.65,Blightroot Stem,526,2023-05-24T14:45:24.194
4201.0,5888,2023-05-10,2023-05-10 20:09:08.264475,0.63,0.52,51,0.6400000000000001,206.3,0.64,Blightroot Stem,526,2023-05-24T14:45:24.194
9595.0,4181,2023-05-12,2023-05-12 16:33:52.200627,0.5,0.53,9,0.616,129.1,0.62,Blightroot Stem,526,2023-05-24T14:45:24.194
7943.0,3243,2023-05-13,2023-05-13 16:43:22.868454,0.79,0.53,25,0.86,45.8,0.64,Blightroot Stem,526,2023-05-24T14:45:24.194
5431.0,3420,2023-05-17,2023-05-17 16:50:31.702597,0.59,0.56,148,0.6039999999999999,106.8,0.64,Blightroot Stem,526,2023-05-24T14:45:24.194
170.0,318,2023-05-19,2023-05-19 00:12:31.231457,0.8,0.6,20,0.8119999999999999,50.6,0.66,Blightroot Stem,526,2023-05-24T14:45:24.194
3004.0,1169,2023-05-21,2023-05-21 09:45:04.204253,0.71,0.55,27,0.726,74.2,0.66,Blightroot Stem,526,2023-05-24T14:45:24.194
,753,2023-05-24,2023-05-24 14:45:24.194044,0.66,,45,0.6759999999999999,75.3,0.66,Blightroot Stem,526,2023-05-24T14:45:24.194
30.0,130,2023-04-28,2023-04-28 20:12:31.733489,52.98,50.77,1,52.98900000000001,5.9,52.98,Blightmoth Dust,280,2023-05-24T14:47:08.655
1.0,86,2023-04-29,2023-04-29 08:29:56.809028,53.0,50.78,23,55.885000000000005,4.6,52.99,Blightmoth Dust,280,2023-05-24T14:47:08.655
48.0,525,2023-05-06,2023-05-06 00:46:29.945906,59.95,52.86,50,60.388999999999996,6.8,55.31,Blightmoth Dust,280,2023-05-24T14:47:08.655
6.0,970,2023-05-07,2023-05-07 13:13:43.071184,56.2,53.15,1,57.660000000000004,1.5,55.53,Blightmoth Dust,280,2023-05-24T14:47:08.655
59.0,193,2023-05-10,2023-05-10 20:10:03.593145,100.0,42.61,1,109.5,11.5,64.43,Blightmoth Dust,280,2023-05-24T14:47:08.655
7.0,172,2023-05-12,2023-05-12 16:34:51.663779,49.76,43.05,1,54.779999999999994,7.0,61.98,Blightmoth Dust,280,2023-05-24T14:47:08.655
77.0,163,2023-05-13,2023-05-13 16:44:15.360738,49.0,43.32,1,51.548,10.2,60.13,Blightmoth Dust,280,2023-05-24T14:47:08.655
16.0,285,2023-05-17,2023-05-17 20:13:14.970277,48.7,43.84,2,48.896,10.9,58.7,Blightmoth Dust,280,2023-05-24T14:47:08.655
38.0,151,2023-05-19,2023-05-19 00:13:19.979569,48.69,44.13,4,49.566,5.0,57.59,Blightmoth Dust,280,2023-05-24T14:47:08.655
35.0,143,2023-05-21,2023-05-21 09:45:55.353732,48.0,44.17,1,49.142,2.9,56.63,Blightmoth Dust,280,2023-05-24T14:47:08.655
,140,2023-05-24,2023-05-24 14:47:08.655013,48.0,,2,49.778000000000006,1.8,55.84,Blightmoth Dust,280,2023-05-24T14:47:08.655
5614.0,109084,2023-04-28,2023-04-28 20:12:55.155869,0.03,0.01,1,0.039999999999999994,3093.1,0.03,Water,1187,2023-05-24T14:47:32.878
,109020,2023-04-29,2023-04-29 08:30:18.640946,0.03,0.01,13,0.037,1724.0,0.03,Water,1187,2023-05-24T14:47:32.878
,50417,2023-05-06,2023-05-06 00:46:47.660556,0.05,,20,0.05299999999999999,2093.1,0.04,Water,1187,2023-05-24T14:47:32.878
,68792,2023-05-07,2023-05-07 13:14:03.999313,0.03,,10,0.031,2238.5,0.04,Water,1187,2023-05-24T14:47:32.878
863.0,43222,2023-05-10,2023-05-10 20:10:19.766372,0.15,0.04,174,0.16299999999999998,1563.0,0.06,Water,1187,2023-05-24T14:47:32.878
,52926,2023-05-12,2023-05-12 16:35:13.879356,0.09,0.07,36,0.10699999999999998,185.4,0.06,Water,1187,2023-05-24T14:47:32.878
10000.0,57141,2023-05-13,2023-05-13 16:44:49.212886,0.09,0.04,170,0.10099999999999998,969.1,0.07,Water,1187,2023-05-24T14:47:32.878
,59568,2023-05-17,2023-05-17 16:51:45.081196,0.02,,1,0.047,1.5,0.06,Water,1187,2023-05-24T14:47:32.878
,80988,2023-05-19,2023-05-19 00:13:42.761256,0.05,,416,0.052000000000000005,2387.8,0.06,Water,1187,2023-05-24T14:47:32.878
,89819,2023-05-21,2023-05-21 09:46:16.662580,0.06,0.03,98,0.08099999999999999,1331.4,0.06,Water,1187,2023-05-24T14:47:32.878
,77133,2023-05-24,2023-05-24 14:47:32.878909,0.06,,9,0.065,380.1,0.06,Water,1187,2023-05-24T14:47:32.878
300.0,683,2023-04-28,2023-04-28 20:11:45.410543,1.88,1.17,18,2.018,39.1,1.88,Shellbed Cap,132,2023-05-24T14:46:12.179
300.0,443,2023-04-29,2023-04-29 08:29:11.111847,2.08,1.18,18,2.133,21.6,1.98,Shellbed Cap,132,2023-05-24T14:46:12.179
1138.0,1050,2023-05-06,2023-05-06 00:45:54.379609,1.85,1.54,85,2.0300000000000002,94.9,1.94,Shellbed Cap,132,2023-05-24T14:46:12.179
2968.0,1591,2023-05-07,2023-05-07 13:13:01.266184,1.48,1.08,20,1.703,55.9,1.82,Shellbed Cap,132,2023-05-24T14:46:12.179
2956.0,269,2023-05-10,2023-05-10 20:09:21.668329,1.5,1.05,13,1.5975,33.625,1.76,Shellbed Cap,132,2023-05-24T14:46:12.179
3600.0,122,2023-05-12,2023-05-12 16:34:20.774461,1.99,1.07,101,1.99,61.0,1.8,Shellbed Cap,132,2023-05-24T14:46:12.179
3000.0,481,2023-05-13,2023-05-13 16:43:52.703243,3.75,1.09,40,4.713749999999999,60.125,2.08,Shellbed Cap,132,2023-05-24T14:46:12.179
2611.0,1502,2023-05-17,2023-05-17 20:12:37.587989,1.98,1.13,21,2.051,88.5,2.06,Shellbed Cap,132,2023-05-24T14:46:12.179
102.0,558,2023-05-19,2023-05-19 00:33:04.069148,2.97,1.17,201,3.041,60.2,2.16,Shellbed Cap,132,2023-05-24T14:46:12.179
2755.0,892,2023-05-21,2023-05-21 09:45:20.604322,1.7,1.13,59,1.8559999999999999,54.0,2.12,Shellbed Cap,132,2023-05-24T14:46:12.179
,336,2023-05-24,2023-05-24 14:46:12.179042,2.54,,21,3.7359999999999998,33.0,2.16,Shellbed Cap,132,2023-05-24T14:46:12.179
1252.0,7753,2023-04-28,2023-04-28 20:11:51.768835,2.33,1.01,222,2.707,220.6,2.33,Putrid Lodestone,1141,2023-05-24T14:46:51.285
53.0,10577,2023-04-29,2023-04-29 08:29:12.535651,2.26,1.02,25,2.287,300.5,2.3,Putrid Lodestone,1141,2023-05-24T14:46:51.285
182.0,5457,2023-05-06,2023-05-06 00:45:55.215933,1.9,1.01,7,2.0130000000000003,60.0,2.16,Putrid Lodestone,1141,2023-05-24T14:46:51.285
400.0,7254,2023-05-07,2023-05-07 13:13:04.684071,1.85,1.25,3,1.906,597.6,2.08,Putrid Lodestone,1141,2023-05-24T14:46:51.285
493.0,6521,2023-05-10,2023-05-10 20:09:24.301946,1.7,0.8,2,1.64,121.5,2.01,Putrid Lodestone,1141,2023-05-24T14:46:51.285
110.0,5786,2023-05-12,2023-05-12 16:34:10.975672,1.58,0.85,26,1.5919999999999999,81.5,1.94,Putrid Lodestone,1141,2023-05-24T14:46:51.285
443.0,7382,2023-05-13,2023-05-13 16:43:35.321442,1.47,0.86,4,1.4780000000000002,113.4,1.87,Putrid Lodestone,1141,2023-05-24T14:46:51.285
3649.0,6001,2023-05-17,2023-05-17 20:12:23.574406,1.1,0.85,50,1.218,179.4,1.77,Putrid Lodestone,1141,2023-05-24T14:46:51.285
9337.0,7473,2023-05-19,2023-05-19 00:12:38.533197,1.21,0.87,38,1.2160000000000002,97.0,1.71,Putrid Lodestone,1141,2023-05-24T14:46:51.285
,1186,2023-05-21,2023-05-21 09:45:14.547544,1.3,0.9,447,1.356,108.2,1.67,Putrid Lodestone,1141,2023-05-24T14:46:51.285
,1775,2023-05-24,2023-05-24 14:46:51.285415,9.85,,101,10.938,110.9,2.41,Putrid Lodestone,1141,2023-05-24T14:46:51.285
3942.0,665,2023-04-28,2023-04-28 20:12:05.720571,4.94,0.4,39,6.9159999999999995,56.2,4.94,Void Pitcher,48,2023-05-24T14:45:59.035
2927.0,441,2023-04-29,2023-04-29 08:29:21.546359,3.0,0.41,41,5.027,38.2,3.97,Void Pitcher,48,2023-05-24T14:45:59.035
815.0,633,2023-05-06,2023-05-06 00:45:57.558659,2.0,1.5,63,2.235,43.7,3.31,Void Pitcher,48,2023-05-24T14:45:59.035
263.0,813,2023-05-07,2023-05-07 13:13:04.684071,1.85,1.5,22,1.919,50.8,2.95,Void Pitcher,48,2023-05-24T14:45:59.035
2904.0,1507,2023-05-10,2023-05-10 20:09:18.252374,1.2,0.38,10,1.6939999999999997,133.0,2.6,Void Pitcher,48,2023-05-24T14:45:59.035
1715.0,303,2023-05-12,2023-05-12 16:34:18.740896,1.89,0.42,39,2.60125,37.875,2.48,Void Pitcher,48,2023-05-24T14:45:59.035
1602.0,165,2023-05-13,2023-05-13 16:43:49.035141,2.54,0.42,19,2.6664285714285714,23.571428571428573,2.49,Void Pitcher,48,2023-05-24T14:45:59.035
1590.0,667,2023-05-17,2023-05-17 16:50:56.979753,2.19,0.45,25,2.1959999999999997,77.6,2.45,Void Pitcher,48,2023-05-24T14:45:59.035
1439.0,1022,2023-05-19,2023-05-19 00:12:37.864376,1.2,0.45,36,1.4100000000000001,66.6,2.31,Void Pitcher,48,2023-05-24T14:45:59.035
1168.0,410,2023-05-21,2023-05-21 09:45:28.403733,2.45,0.5,11,2.45,102.5,2.33,Void Pitcher,48,2023-05-24T14:45:59.035
,649,2023-05-24,2023-05-24 14:45:59.035967,1.79,,8,2.151,46.2,2.28,Void Pitcher,48,2023-05-24T14:45:59.035
988.0,5,2023-05-10,2023-05-10 20:10:03.593145,99.99,0.31,5,99.99,5.0,35.33,Sporebloom Fruit,1353,2023-05-21T09:45:30.047
974.0,1,2023-05-12,2023-05-12 16:34:58.997035,99.99,0.31,1,99.99,1.0,51.5,Sporebloom Fruit,1353,2023-05-21T09:45:30.047
964.0,12,2023-05-13,2023-05-13 16:44:24.046102,99.97,0.31,5,99.975,6.0,61.19,Sporebloom Fruit,1353,2023-05-21T09:45:30.047
,20,2023-05-21,2023-05-21 09:45:30.047852,2.8,,15,2.8,10.0,51.46,Sporebloom Fruit,1353,2023-05-21T09:45:30.047
541.0,3185,2023-04-28,2023-04-28 20:12:25.927658,19.96,15.02,67,20.327999999999996,58.2,19.96,Sulfur,29033,2023-05-24T14:47:04.421
200.0,2740,2023-04-29,2023-04-29 08:29:50.739999,19.0,15.14,23,19.778,46.3,19.48,Sulfur,29033,2023-05-24T14:47:04.421
40.0,1112,2023-05-06,2023-05-06 00:46:29.096158,34.44,17.1,71,34.968,103.9,24.47,Sulfur,29033,2023-05-24T14:47:04.421
151.0,673,2023-05-07,2023-05-07 13:13:42.258227,33.5,20.3,6,35.62555555555556,74.77777777777777,26.72,Sulfur,29033,2023-05-24T14:47:04.421
79.0,1783,2023-05-10,2023-05-10 20:09:55.721459,32.3,21.39,246,32.44200000000001,146.0,27.84,Sulfur,29033,2023-05-24T14:47:04.421
222.0,747,2023-05-12,2023-05-12 16:34:49.859216,32.0,21.78,48,32.199,66.9,28.53,Sulfur,29033,2023-05-24T14:47:04.421
210.0,945,2023-05-13,2023-05-13 16:44:13.031628,31.38,22.1,50,31.74,46.2,28.94,Sulfur,29033,2023-05-24T14:47:04.421
9.0,3022,2023-05-17,2023-05-17 20:13:11.396435,26.68,21.5,19,27.081000000000007,49.5,28.66,Sulfur,29033,2023-05-24T14:47:04.421
31.0,2616,2023-05-19,2023-05-19 00:13:16.730784,25.99,21.55,31,26.303999999999995,23.0,28.36,Sulfur,29033,2023-05-24T14:47:04.421
526.0,3650,2023-05-21,2023-05-21 09:45:50.197187,19.89,11.22,667,20.266,117.8,27.51,Sulfur,29033,2023-05-24T14:47:04.421
,1946,2023-05-24,2023-05-24 14:47:04.421974,26.0,,70,27.437,98.6,27.38,Sulfur,29033,2023-05-24T14:47:04.421
3.0,2957,2023-04-28,2023-04-28 20:10:41.124181,6.07,3.47,11,7.366,287.3,6.07,Death Wisp,113,2023-05-24T14:44:13.682
499.0,3543,2023-04-29,2023-04-29 08:28:00.810787,5.0,3.53,2,6.9799999999999995,343.8,5.54,Death Wisp,113,2023-05-24T14:44:13.682
,2887,2023-05-01,2023-05-01 18:19:14.225328,8.88,,207,21.56142857142857,412.42857142857144,6.65,Death Wisp,113,2023-05-24T14:44:13.682
86.0,3195,2023-05-06,2023-05-06 00:44:58.310908,6.93,4.57,206,7.498,319.5,6.72,Death Wisp,113,2023-05-24T14:44:13.682
62.0,3273,2023-05-07,2023-05-07 13:12:02.525378,6.93,4.15,32,7.51,467.57142857142856,6.76,Death Wisp,113,2023-05-24T14:44:13.682
70.0,3161,2023-05-10,2023-05-10 20:08:27.954431,6.7,4.24,17,7.418000000000001,31.5,6.75,Death Wisp,113,2023-05-24T14:44:13.682
36.0,2896,2023-05-12,2023-05-12 16:33:12.264397,8.94,4.31,65,8.95,1448.0,7.06,Death Wisp,113,2023-05-24T14:44:13.682
400.0,2660,2023-05-13,2023-05-13 16:42:22.395891,8.92,4.33,3,8.936,532.0,7.3,Death Wisp,113,2023-05-24T14:44:13.682
33.0,3657,2023-05-17,2023-05-17 16:49:56.853379,7.5,4.31,5,7.794000000000001,209.0,7.32,Death Wisp,113,2023-05-24T14:44:13.682
306.0,3587,2023-05-19,2023-05-19 00:11:51.121566,7.5,4.4,5,7.794000000000001,201.0,7.34,Death Wisp,113,2023-05-24T14:44:13.682
292.0,3291,2023-05-21,2023-05-21 09:44:28.677724,7.0,4.41,1,10.333333333333334,1097.0,7.31,Death Wisp,113,2023-05-24T14:44:13.682
,751,2023-05-24,2023-05-24 14:44:13.682606,8.24,,126,8.47,21.6,7.38,Death Wisp,113,2023-05-24T14:44:13.682
77.0,2844,2023-04-28,2023-04-28 20:10:56.035862,50.52,36.22,50,59.891999999999996,16.6,50.52,Death Quintessence,1238,2023-05-24T14:44:26.760
120.0,3223,2023-04-29,2023-04-29 08:28:14.522280,47.98,36.58,100,49.599,43.3,49.25,Death Quintessence,1238,2023-05-24T14:44:26.760
,2091,2023-05-01,2023-05-01 18:19:32.182868,61.99,,8,70.06700000000001,134.2,53.5,Death Quintessence,1238,2023-05-24T14:44:26.760
139.0,1378,2023-05-06,2023-05-06 00:45:09.395747,42.09,38.4,2,46.407,26.8,50.64,Death Quintessence,1238,2023-05-24T14:44:26.760
5.0,1442,2023-05-07,2023-05-07 13:12:16.039319,44.88,38.41,65,46.299,19.2,49.49,Death Quintessence,1238,2023-05-24T14:44:26.760
397.0,1074,2023-05-10,2023-05-10 20:08:43.361277,55.17,38.64,20,58.121,107.4,50.44,Death Quintessence,1238,2023-05-24T14:44:26.760
44.0,1446,2023-05-12,2023-05-12 16:33:26.932534,54.84,38.85,56,54.86899999999999,37.5,51.07,Death Quintessence,1238,2023-05-24T14:44:26.760
118.0,1484,2023-05-13,2023-05-13 16:42:37.820278,51.0,38.87,3,53.444,37.2,51.06,Death Quintessence,1238,2023-05-24T14:44:26.760
77.0,2850,2023-05-17,2023-05-17 16:50:06.547271,50.32,40.01,191,50.45399999999999,56.8,50.98,Death Quintessence,1238,2023-05-24T14:44:26.760
50.0,3920,2023-05-19,2023-05-19 00:11:59.544009,46.3,40.25,5,47.98299999999999,136.6,50.51,Death Quintessence,1238,2023-05-24T14:44:26.760
80.0,2834,2023-05-21,2023-05-21 09:44:36.051184,37.0,29.09,6,38.559000000000005,127.2,49.28,Death Quintessence,1238,2023-05-24T14:44:26.760
,2922,2023-05-24,2023-05-24 14:44:26.760847,28.9,,87,31.171999999999997,102.0,47.58,Death Quintessence,1238,2023-05-24T14:44:26.760
48.0,23,2023-04-19,2023-04-19 20:16:06.850308,92.99,75.0,4,96.188,2.2,92.99,Spinefish Fins,392,2023-05-19T00:13:24.989
18.0,318,2023-04-21,2023-04-21 11:03:14.701208,73.0,61.0,1,79.39200000000001,26.8,83.0,Spinefish Fins,392,2023-05-19T00:13:24.989
37.0,436,2023-04-23,2023-04-23 20:56:05.093337,71.0,63.19,1,72.256,5.9,79.0,Spinefish Fins,392,2023-05-19T00:13:24.989
98.0,334,2023-04-28,2023-04-28 20:12:37.063355,68.9,62.17,1,69.437,9.4,76.47,Spinefish Fins,392,2023-05-19T00:13:24.989
16.0,308,2023-04-29,2023-04-29 08:30:02.293020,71.0,63.0,22,72.32800000000002,9.2,75.38,Spinefish Fins,392,2023-05-19T00:13:24.989
93.0,156,2023-05-06,2023-05-06 00:46:34.542344,73.88,66.41,1,74.85600000000001,3.9,75.13,Spinefish Fins,392,2023-05-19T00:13:24.989
100.0,987,2023-05-07,2023-05-07 13:13:47.018170,66.42,66.9,1,67.982,6.1,73.88,Spinefish Fins,392,2023-05-19T00:13:24.989
201.0,1093,2023-05-10,2023-05-10 20:09:59.145799,67.5,52.13,1,68.608,2.5,73.09,Spinefish Fins,392,2023-05-19T00:13:24.989
5.0,1091,2023-05-12,2023-05-12 16:34:53.484689,57.0,55.53,7,61.443000000000005,10.8,71.3,Spinefish Fins,392,2023-05-19T00:13:24.989
4.0,1207,2023-05-13,2023-05-13 16:44:18.569153,59.0,57.0,1,64.797,30.9,70.07,Spinefish Fins,392,2023-05-19T00:13:24.989
24.0,375,2023-05-17,2023-05-17 20:13:21.476270,79.81,61.1,7,79.88199999999999,4.7,70.95,Spinefish Fins,392,2023-05-19T00:13:24.989
53.0,355,2023-05-19,2023-05-19 00:13:24.989022,71.0,61.2,2,74.111,12.6,70.96,Spinefish Fins,392,2023-05-19T00:13:24.989
26.0,279,2023-04-19,2023-04-19 20:16:06.652128,92.0,70.09,1,92.99600000000001,8.4,92.0,Earthshell Tail,577,2023-05-19T00:13:24.134
49.0,369,2023-04-21,2023-04-21 11:03:14.701208,73.0,61.1,2,77.394,16.1,82.5,Earthshell Tail,577,2023-05-19T00:13:24.134
46.0,480,2023-04-23,2023-04-23 20:56:06.155251,79.0,63.21,1,81.997,10.4,81.33,Earthshell Tail,577,2023-05-19T00:13:24.134
68.0,356,2023-04-28,2023-04-28 20:12:39.058679,78.8,65.27,1,78.851,7.8,80.7,Earthshell Tail,577,2023-05-19T00:13:24.134
1.0,356,2023-04-29,2023-04-29 08:30:04.102681,78.81,65.28,7,80.137,16.5,80.32,Earthshell Tail,577,2023-05-19T00:13:24.134
8.0,396,2023-05-06,2023-05-06 00:46:33.893818,71.0,66.77,8,80.485,37.5,78.77,Earthshell Tail,577,2023-05-19T00:13:24.134
,1150,2023-05-07,2023-05-07 13:13:47.968958,74.96,73.04,1,77.167,29.5,78.22,Earthshell Tail,577,2023-05-19T00:13:24.134
37.0,1047,2023-05-10,2023-05-10 20:09:59.145799,66.0,54.23,1,67.85499999999999,3.0,76.7,Earthshell Tail,577,2023-05-19T00:13:24.134
55.0,1487,2023-05-12,2023-05-12 16:34:55.140740,65.0,55.52,8,70.13,13.3,75.4,Earthshell Tail,577,2023-05-19T00:13:24.134
11.0,1603,2023-05-13,2023-05-13 16:44:18.569153,60.99,57.0,9,63.21799999999998,22.7,73.96,Earthshell Tail,577,2023-05-19T00:13:24.134
47.0,354,2023-05-17,2023-05-17 20:13:20.782993,72.98,62.51,1,74.971,9.0,73.87,Earthshell Tail,577,2023-05-19T00:13:24.134
54.0,251,2023-05-19,2023-05-19 00:13:24.134340,65.65,63.02,1,68.10499999999999,7.3,73.18,Earthshell Tail,577,2023-05-19T00:13:24.134
,385,2023-04-19,2023-04-19 20:34:19.498060,50.98,,42,61.99714285714286,55.0,50.98,Infused Void Absorption Potion,1844,2023-05-19T00:41:18.046
54.0,429,2023-04-21,2023-04-21 11:20:52.348301,50.9,11.02,59,59.54,47.666666666666664,50.94,Infused Void Absorption Potion,1844,2023-05-19T00:41:18.046
,366,2023-04-23,2023-04-23 21:14:49.103245,49.8,,2,59.41777777777778,40.666666666666664,50.56,Infused Void Absorption Potion,1844,2023-05-19T00:41:18.046
96.0,736,2023-04-28,2023-04-28 20:34:21.390700,53.57,20.0,7,57.913,58.2,51.31,Infused Void Absorption Potion,1844,2023-05-19T00:41:18.046
,538,2023-05-06,2023-05-06 01:05:01.809206,51.77,,51,60.759,53.8,51.4,Infused Void Absorption Potion,1844,2023-05-19T00:41:18.046
,790,2023-05-07,2023-05-07 13:33:49.552557,30.0,,2,49.782000000000004,49.8,47.84,Infused Void Absorption Potion,1844,2023-05-19T00:41:18.046
100.0,442,2023-05-12,2023-05-12 16:54:31.433197,50.0,15.0,14,61.78333333333333,73.66666666666667,48.15,Infused Void Absorption Potion,1844,2023-05-19T00:41:18.046
100.0,226,2023-05-17,2023-05-17 17:07:55.209548,79.5,0.13,26,79.67999999999999,75.33333333333333,52.06,Infused Void Absorption Potion,1844,2023-05-19T00:41:18.046
,266,2023-05-19,2023-05-19 00:41:18.046180,67.0,0.13,70,73.38499999999999,66.5,53.72,Infused Void Absorption Potion,1844,2023-05-19T00:41:18.046
10000.0,132978,2023-04-19,2023-04-19 20:16:17.887501,0.07,0.02,210,0.08499999999999999,1956.8,0.07,Water,1187,2023-05-19T00:13:42.761
,196372,2023-04-21,2023-04-21 11:03:28.262306,0.02,,36,0.019999999999999997,2723.6,0.05,Water,1187,2023-05-19T00:13:42.761
,164537,2023-04-23,2023-04-23 20:56:23.436500,0.01,,139,0.016999999999999998,1329.8,0.03,Water,1187,2023-05-19T00:13:42.761
5614.0,109084,2023-04-28,2023-04-28 20:12:55.155869,0.03,0.01,1,0.039999999999999994,2180.4,0.03,Water,1187,2023-05-19T00:13:42.761
,109020,2023-04-29,2023-04-29 08:30:18.640946,0.03,0.01,13,0.037,2086.7,0.03,Water,1187,2023-05-19T00:13:42.761
,50417,2023-05-06,2023-05-06 00:46:47.660556,0.05,,20,0.05299999999999999,2522.0,0.04,Water,1187,2023-05-19T00:13:42.761
,68792,2023-05-07,2023-05-07 13:14:03.999313,0.03,,10,0.031,2201.0,0.03,Water,1187,2023-05-19T00:13:42.761
,43222,2023-05-10,2023-05-10 20:10:19.766372,0.15,0.04,174,0.16299999999999998,1563.0,0.05,Water,1187,2023-05-19T00:13:42.761
156.0,52926,2023-05-12,2023-05-12 16:35:13.879356,0.09,0.07,36,0.10699999999999998,185.4,0.05,Water,1187,2023-05-19T00:13:42.761
10000.0,57141,2023-05-13,2023-05-13 16:44:49.212886,0.09,0.04,170,0.10099999999999998,969.1,0.06,Water,1187,2023-05-19T00:13:42.761
,59568,2023-05-17,2023-05-17 16:51:45.081196,0.02,,1,0.047,1.5,0.05,Water,1187,2023-05-19T00:13:42.761
,80988,2023-05-19,2023-05-19 00:13:42.761256,0.05,,416,0.052000000000000005,2375.0,0.05,Water,1187,2023-05-19T00:13:42.761
